,eta,epsilon,sigma_init,mu,K,TMSE,CB,tradeOff
0,0.05,0.35,0.2,0.05,1,0.01639455283945948,22,0.01729252332095663
1,0.05,0.35,0.2,0.05,2,0.017422151531449184,22,0.018269684288043323
2,0.05,0.35,0.2,0.05,4,0.022255764256930086,22,0.02292529264066321
3,0.05,0.35,0.2,0.05,6,0.022584409349189666,22,0.023244473443202917
4,0.05,0.35,0.2,0.05,8,0.022575411086208082,22,0.023235730797874353
5,0.05,0.35,0.2,0.1,1,0.012681144800203582,22,0.013822497366385366
6,0.05,0.35,0.2,0.1,2,0.014034293955150115,22,0.015073533322335644
7,0.05,0.35,0.2,0.1,4,0.021944327153985584,22,0.022623074376422605
8,0.05,0.35,0.2,0.1,6,0.02259307195033965,22,0.023252890146242558
9,0.05,0.35,0.2,0.1,8,0.02257505741789898,22,0.023235387180364258
10,0.05,0.35,0.2,0.2,1,0.009064026150973181,22,0.010602196473633457
11,0.05,0.35,0.2,0.2,2,0.010213866993834066,22,0.011600563734911029
12,0.05,0.35,0.2,0.2,4,0.021346147077346844,22,0.02204332087158655
13,0.05,0.35,0.2,0.2,6,0.022610451327288415,22,0.02326977673342996
14,0.05,0.35,0.2,0.2,8,0.022574350093565003,22,0.023234699958184057
15,0.05,0.35,0.2,0.3,1,0.007772732631819707,22,0.009521836617257981
16,0.05,0.35,0.2,0.3,2,0.008467460965418647,22,0.010096925036905468
17,0.05,0.35,0.2,0.3,4,0.020779336882351045,22,0.021494902681106386
18,0.05,0.35,0.2,0.3,6,0.022627903176317944,22,0.023286734467434882
19,0.05,0.35,0.2,0.3,8,0.022573642785618377,22,0.023234012753132006
20,0.05,0.35,0.2,0.4,1,0.007352476430148259,22,0.009181988328019464
21,0.05,0.35,0.2,0.4,2,0.007682037080827062,22,0.009447946534099458
22,0.05,0.35,0.2,0.4,4,0.020242164703134585,22,0.02097606330722778
23,0.05,0.35,0.2,0.4,6,0.022645427785876755,22,0.023303763636060144
24,0.05,0.35,0.2,0.4,8,0.022572935494069107,22,0.02323332556521784
25,0.05,0.35,0.4,0.05,1,0.007286667766730083,22,0.009129377149767842
26,0.05,0.35,0.4,0.05,2,0.007289754063850703,22,0.009131840685832612
27,0.05,0.35,0.4,0.05,4,0.007305652331297922,22,0.00914453694758782
28,0.05,0.35,0.4,0.05,6,0.0073057462556312255,22,0.009144611984751987
29,0.05,0.35,0.4,0.05,8,0.00730349680236439,22,0.009142814968167455
30,0.05,0.35,0.4,0.1,1,0.0072823763732761705,22,0.009125952314254716
31,0.05,0.35,0.4,0.1,2,0.007283280024291497,22,0.009126673430787558
32,0.05,0.35,0.4,0.1,4,0.0073083229590157174,22,0.009146670676988225
33,0.05,0.35,0.4,0.1,6,0.007308521384121235,22,0.009146829222312908
34,0.05,0.35,0.4,0.1,8,0.007303860652975617,22,0.009143105623259823
35,0.05,0.35,0.4,0.2,1,0.007300553087118507,22,0.00914046363035462
36,0.05,0.35,0.4,0.2,2,0.007287599330890034,22,0.009130120700603518
37,0.05,0.35,0.4,0.2,4,0.007314133428739481,22,0.009151313993815552
38,0.05,0.35,0.4,0.2,6,0.007314572656268436,22,0.009151665047620017
39,0.05,0.35,0.4,0.2,8,0.007304599604387094,22,0.009143695936568106
40,0.05,0.35,0.4,0.3,1,0.0073431435436137225,22,0.009174516723082251
41,0.05,0.35,0.4,0.3,2,0.007310527256242487,22,0.009148432038566188
42,0.05,0.35,0.4,0.3,4,0.007320576700738433,22,0.009156464559610025
43,0.05,0.35,0.4,0.3,6,0.007321299259749204,22,0.009157042254505776
44,0.05,0.35,0.4,0.3,8,0.007305353682205172,22,0.009144298355921501
45,0.05,0.35,0.4,0.4,1,0.007401247107668837,22,0.009221087720479419
46,0.05,0.35,0.4,0.4,2,0.007348189454719181,22,0.009178555891993368
47,0.05,0.35,0.4,0.4,4,0.007327661456419845,22,0.009162129797154207
48,0.05,0.35,0.4,0.4,6,0.0073287100458547345,22,0.009162968456576291
49,0.05,0.35,0.4,0.4,8,0.007306123038505204,22,0.009144913004166661
50,0.05,0.35,0.6,0.05,1,0.008701221462556153,22,0.010293748342583854
51,0.05,0.35,0.6,0.05,2,0.008688574828480086,22,0.010283060466130584
52,0.05,0.35,0.6,0.05,4,0.008658894309307377,22,0.010257994475517895
53,0.05,0.35,0.6,0.05,6,0.008658741887502394,22,0.01025786581479737
54,0.05,0.35,0.6,0.05,8,0.008672488327684705,22,0.010269471933543002
55,0.05,0.35,0.6,0.1,1,0.008729923261721407,22,0.010318021135641491
56,0.05,0.35,0.6,0.1,2,0.008704563486746324,22,0.010296573483193199
57,0.05,0.35,0.6,0.1,4,0.0086449477767627,22,0.01024622477124889
58,0.05,0.35,0.6,0.1,6,0.008644643106318552,22,0.010245967715917364
59,0.05,0.35,0.6,0.1,8,0.008672170337662795,22,0.010269203394881144
60,0.05,0.35,0.6,0.2,1,0.008788165370673872,22,0.010367345397077857
61,0.05,0.35,0.6,0.2,2,0.008737158746447812,22,0.010324143691397825
62,0.05,0.35,0.6,0.2,4,0.008616888468667401,22,0.010222561659459593
63,0.05,0.35,0.6,0.2,6,0.008616280029354604,22,0.010222048793869797
64,0.05,0.35,0.6,0.2,8,0.0086714609443499,22,0.010268604331134083
65,0.05,0.35,0.6,0.3,1,0.008847611670949348,22,0.010417784422799269
66,0.05,0.35,0.6,0.3,2,0.008770630292886257,22,0.010352485485838368
67,0.05,0.35,0.6,0.3,4,0.008588624984559694,22,0.01019874890000744
68,0.05,0.35,0.6,0.3,6,0.008587714100403291,22,0.010197981833199426
69,0.05,0.35,0.6,0.3,8,0.008670652946589495,22,0.010267922015685603
70,0.05,0.35,0.6,0.4,1,0.008908366235883104,22,0.010469431168531655
71,0.05,0.35,0.6,0.4,2,0.008805043326498084,22,0.010381656321681452
72,0.05,0.35,0.6,0.4,4,0.008560178705166012,22,0.010174805131518621
73,0.05,0.35,0.6,0.4,6,0.008558967129215935,22,0.010173785840040023
74,0.05,0.35,0.6,0.4,8,0.008669745495890769,22,0.010267155738738858
75,0.05,0.5,0.2,0.05,1,0.07071798199647274,14,0.07080454065703302
76,0.05,0.5,0.2,0.05,2,0.07656220456379702,14,0.07664216311971303
77,0.05,0.5,0.2,0.05,4,0.07814766342557825,14,0.07822600142457405
78,0.05,0.5,0.2,0.05,6,0.07814766342642415,14,0.0782260014254191
79,0.05,0.5,0.2,0.05,8,0.07814766342642415,14,0.0782260014254191
80,0.05,0.5,0.2,0.1,1,0.06371361624283098,14,0.06380967712454542
81,0.05,0.5,0.2,0.1,2,0.07507108842064361,14,0.07515263346457056
82,0.05,0.5,0.2,0.1,4,0.07820826160470795,14,0.07828653896571515
83,0.05,0.5,0.2,0.1,6,0.07820826160639976,14,0.07828653896740527
84,0.05,0.5,0.2,0.1,8,0.07820826160639976,14,0.07828653896740527
85,0.05,0.5,0.2,0.2,1,0.05098012177083541,14,0.051100125398762054
86,0.05,0.5,0.2,0.2,2,0.07218666513292141,14,0.07227146479083242
87,0.05,0.5,0.2,0.2,4,0.07832960824903597,14,0.07840776446530945
88,0.05,0.5,0.2,0.2,6,0.07832960825241952,14,0.07840776446868963
89,0.05,0.5,0.2,0.2,8,0.07832960825241952,14,0.07840776446868963
90,0.05,0.5,0.2,0.3,1,0.04018529838826201,14,0.04033742934984397
91,0.05,0.5,0.2,0.3,2,0.06942696963198985,14,0.06951513585026818
92,0.05,0.5,0.2,0.3,4,0.07845115555654268,14,0.07852919080289097
93,0.05,0.5,0.2,0.3,6,0.07845115556161807,14,0.07852919080796132
94,0.05,0.5,0.2,0.3,8,0.07845115556161807,14,0.07852919080796132
95,0.05,0.5,0.2,0.4,1,0.03140808595132617,14,0.031602497735557115
96,0.05,0.5,0.2,0.4,2,0.06678549064707852,14,0.0668771393001451
97,0.05,0.5,0.2,0.4,4,0.07857290386661604,14,0.07865081831762774
98,0.05,0.5,0.2,0.4,6,0.07857290387338313,14,0.07865081832438812
99,0.05,0.5,0.2,0.4,8,0.07857290387338313,14,0.07865081832438812
100,0.05,0.5,0.4,0.05,1,0.009857870107750152,14,0.01046076493671825
101,0.05,0.5,0.4,0.05,2,0.010076638114642478,14,0.010667175619322367
102,0.05,0.5,0.4,0.05,4,0.010249771013190077,14,0.01083087280983539
103,0.05,0.5,0.4,0.05,6,0.010249973284486348,14,0.010831064228998176
104,0.05,0.5,0.4,0.05,8,0.010249978915810047,14,0.010831069558199251
105,0.05,0.5,0.4,0.1,1,0.009553474280275987,14,0.010174422382813424
106,0.05,0.5,0.4,0.1,2,0.009919833102998609,14,0.010519177191745893
107,0.05,0.5,0.4,0.1,4,0.010251962262397139,14,0.010832946516512258
108,0.05,0.5,0.4,0.1,6,0.010252366957422782,14,0.01083332950803466
109,0.05,0.5,0.4,0.1,8,0.010252378227483021,14,0.010833340173712257
110,0.05,0.5,0.4,0.2,1,0.009144779415875512,14,0.00979167966004916
111,0.05,0.5,0.4,0.2,2,0.009646521101945384,14,0.010261840447516107
112,0.05,0.5,0.4,0.2,4,0.010256343738295365,14,0.010837093100922892
113,0.05,0.5,0.4,0.2,6,0.010257153736814226,14,0.010837859695559914
114,0.05,0.5,0.4,0.2,8,0.01025717630658374,14,0.01083788105601565
115,0.05,0.5,0.4,0.3,1,0.008927574533768527,14,0.009589139015364848
116,0.05,0.5,0.4,0.3,2,0.009423014492431988,14,0.010052024777356216
117,0.05,0.5,0.4,0.3,4,0.010260723835227456,14,0.01084123856497978
118,0.05,0.5,0.4,0.3,6,0.010261939743233113,14,0.010842389371985646
119,0.05,0.5,0.4,0.3,8,0.01026197364235827,14,0.010842421456319425
120,0.05,0.5,0.4,0.4,1,0.008834314630093069,14,0.009502374176145478
121,0.05,0.5,0.4,0.4,2,0.009244210355014135,14,0.009884605459387368
122,0.05,0.5,0.4,0.4,4,0.010265102534663196,14,0.01084538289075811
123,0.05,0.5,0.4,0.4,6,0.0102667249557647,14,0.01084691851713295
124,0.05,0.5,0.4,0.4,8,0.010266770213892017,14,0.010846961354446707
125,0.05,0.5,0.6,0.05,1,0.009251924992708101,14,0.009891820665109978
126,0.05,0.5,0.6,0.05,2,0.009223715012270024,14,0.009865440620042036
127,0.05,0.5,0.6,0.05,4,0.009199651843038588,14,0.009842946410151958
128,0.05,0.5,0.6,0.05,6,0.009201365386643425,14,0.009844547982437777
129,0.05,0.5,0.6,0.05,8,0.009200711902680254,14,0.00984393719586437
130,0.05,0.5,0.6,0.1,1,0.009296377435180721,14,0.00993340995919011
131,0.05,0.5,0.6,0.1,2,0.009239073484817936,14,0.009879801559640043
132,0.05,0.5,0.6,0.1,4,0.009191212868352073,14,0.009835059429986213
133,0.05,0.5,0.6,0.1,6,0.009194591793642388,14,0.009838217229341703
134,0.05,0.5,0.6,0.1,8,0.00919330347512713,14,0.00983701320451409
135,0.05,0.5,0.6,0.2,1,0.00938720564035794,14,0.010018464439941279
136,0.05,0.5,0.6,0.2,2,0.009269241018264046,14,0.009908018422200711
137,0.05,0.5,0.6,0.2,4,0.009174626200182842,14,0.009819560372699048
138,0.05,0.5,0.6,0.2,6,0.009181193388981906,14,0.009825696517086464
139,0.05,0.5,0.6,0.2,8,0.009178690487732772,14,0.009823357830680713
140,0.05,0.5,0.6,0.3,1,0.009480421698149685,14,0.010105859467395504
141,0.05,0.5,0.6,0.3,2,0.009298612339209717,14,0.009935501569367457
142,0.05,0.5,0.6,0.3,4,0.00915842581387498,14,0.009804425704152773
143,0.05,0.5,0.6,0.3,6,0.009167994536852393,14,0.009813364551862696
144,0.05,0.5,0.6,0.3,8,0.009164349080521798,14,0.009809958922934424
145,0.05,0.5,0.6,0.4,1,0.009576002082550836,14,0.010195578251625453
146,0.05,0.5,0.6,0.4,2,0.009327124140859667,14,0.009962190760018962
147,0.05,0.5,0.6,0.4,4,0.009142609246960514,14,0.009789652896942154
148,0.05,0.5,0.6,0.4,6,0.009154996636107544,14,0.00980122254655716
149,0.05,0.5,0.6,0.4,8,0.009150278972011872,14,0.009796816077973631
150,0.05,1.0,0.2,0.05,1,1.00499031324527,5,1.0049910906156463
151,0.05,1.0,0.2,0.05,2,1.0049950436384083,5,1.0049958210051255
152,0.05,1.0,0.2,0.05,4,1.0049950436445847,5,1.004995821011302
153,0.05,1.0,0.2,0.05,6,1.0049950436445847,5,1.004995821011302
154,0.05,1.0,0.2,0.05,8,1.0049950436445847,5,1.004995821011302
155,0.05,1.0,0.2,0.1,1,1.0049855829480632,5,1.0049863603220983
156,0.05,1.0,0.2,0.1,2,1.0049950436322317,5,1.004995820998949
157,0.05,1.0,0.2,0.1,4,1.0049950436445847,5,1.004995821011302
158,0.05,1.0,0.2,0.1,6,1.0049950436445847,5,1.004995821011302
159,0.05,1.0,0.2,0.1,8,1.0049950436445847,5,1.004995821011302
160,0.05,1.0,0.2,0.2,1,1.0049761226599794,5,1.0049769000413322
161,0.05,1.0,0.2,0.2,2,1.004995043619879,5,1.0049958209865961
162,0.05,1.0,0.2,0.2,4,1.0049950436445847,5,1.004995821011302
163,0.05,1.0,0.2,0.2,6,1.0049950436445847,5,1.004995821011302
164,0.05,1.0,0.2,0.2,8,1.0049950436445847,5,1.004995821011302
165,0.05,1.0,0.2,0.3,1,1.0049666627803404,5,1.004967440169011
166,0.05,1.0,0.2,0.3,2,1.0049950436075257,5,1.004995820974243
167,0.05,1.0,0.2,0.3,4,1.0049950436445847,5,1.004995821011302
168,0.05,1.0,0.2,0.3,6,1.0049950436445847,5,1.004995821011302
169,0.05,1.0,0.2,0.3,8,1.0049950436445847,5,1.004995821011302
170,0.05,1.0,0.2,0.4,1,1.0049572033091538,5,1.0049579807051416
171,0.05,1.0,0.2,0.4,2,1.0049950435951729,5,1.00499582096189
172,0.05,1.0,0.2,0.4,4,1.0049950436445847,5,1.004995821011302
173,0.05,1.0,0.2,0.4,6,1.0049950436445847,5,1.004995821011302
174,0.05,1.0,0.2,0.4,8,1.0049950436445847,5,1.004995821011302
175,0.05,1.0,0.4,0.05,1,0.747801607323741,5,0.7478026520519773
176,0.05,1.0,0.4,0.05,2,0.7506053258713902,5,0.7506063666972829
177,0.05,1.0,0.4,0.05,4,0.7506095494234855,5,0.7506105902435216
178,0.05,1.0,0.4,0.05,6,0.7506095512162372,5,0.7506105920362708
179,0.05,1.0,0.4,0.05,8,0.7506095512162372,5,0.7506105920362708
180,0.05,1.0,0.4,0.1,1,0.7450295709360528,5,0.7450306195514108
181,0.05,1.0,0.4,0.1,2,0.7506011237918013,5,0.7506021646235209
182,0.05,1.0,0.4,0.1,4,0.750609547630734,5,0.7506105884507726
183,0.05,1.0,0.4,0.1,6,0.7506095512162372,5,0.7506105920362708
184,0.05,1.0,0.4,0.1,8,0.7506095512162372,5,0.7506105920362708
185,0.05,1.0,0.4,0.2,1,0.7395836832878494,5,0.7395847396246233
186,0.05,1.0,0.4,0.2,2,0.750592789537852,5,0.7505938303811285
187,0.05,1.0,0.4,0.2,4,0.7506095440452305,5,0.7506105848652741
188,0.05,1.0,0.4,0.2,6,0.7506095512162372,5,0.7506105920362708
189,0.05,1.0,0.4,0.2,8,0.7506095512162372,5,0.7506105920362708
190,0.05,1.0,0.4,0.3,1,0.7342577247696465,5,0.7342587887685771
191,0.05,1.0,0.4,0.3,2,0.7505845486735584,5,0.7505855895282625
192,0.05,1.0,0.4,0.3,4,0.7506095404597273,5,0.7506105812797759
193,0.05,1.0,0.4,0.3,6,0.7506095512162372,5,0.7506105920362708
194,0.05,1.0,0.4,0.3,8,0.7506095512162372,5,0.7506105920362708
195,0.05,1.0,0.4,0.4,1,0.7290449852817853,5,0.7290460568883962
196,0.05,1.0,0.4,0.4,2,0.7505764014185082,5,0.7505774422845105
197,0.05,1.0,0.4,0.4,4,0.7506095368742242,5,0.7506105776942776
198,0.05,1.0,0.4,0.4,6,0.7506095512162372,5,0.7506105920362708
199,0.05,1.0,0.4,0.4,8,0.7506095512162372,5,0.7506105920362708
200,0.05,1.0,0.6,0.05,1,0.6475632724916389,5,0.64756447893633
201,0.05,1.0,0.6,0.05,2,0.6499618543064599,5,0.6499630562989652
202,0.05,1.0,0.6,0.05,4,0.6494428251050363,5,0.649444028058162
203,0.05,1.0,0.6,0.05,6,0.6494467450764645,5,0.6494479480223294
204,0.05,1.0,0.6,0.05,8,0.6494467450764645,5,0.6494479480223294
205,0.05,1.0,0.6,0.1,1,0.6457290619230903,5,0.6457302717947132
206,0.05,1.0,0.6,0.1,2,0.650476464135077,5,0.6504776651766546
207,0.05,1.0,0.6,0.1,4,0.6494389051550897,5,0.6494401081154764
208,0.05,1.0,0.6,0.1,6,0.6494467450764645,5,0.6494479480223294
209,0.05,1.0,0.6,0.1,8,0.6494467450764645,5,0.6494479480223294
210,0.05,1.0,0.6,0.2,1,0.6422064443480782,5,0.6422076608560514
211,0.05,1.0,0.6,0.2,2,0.651504148972695,5,0.6515053481197493
212,0.05,1.0,0.6,0.2,4,0.6494310653196484,5,0.649432268294557
213,0.05,1.0,0.6,0.2,6,0.6494467450764645,5,0.6494479480223294
214,0.05,1.0,0.6,0.2,8,0.6494467450764645,5,0.6494479480223294
215,0.05,1.0,0.6,0.3,1,0.6388735323960817,5,0.6388747552503912
216,0.05,1.0,0.6,0.3,2,0.6525297270993516,5,0.6525309243617151
217,0.05,1.0,0.6,0.3,4,0.6494232255701526,5,0.6494244285595833
218,0.05,1.0,0.6,0.3,6,0.6494467450764645,5,0.6494479480223294
219,0.05,1.0,0.6,0.3,8,0.6494467450764645,5,0.6494479480223294
220,0.05,1.0,0.6,0.4,1,0.6357230385035929,5,0.6357242674180691
221,0.05,1.0,0.6,0.4,2,0.6535531272345356,5,0.653554322622107
222,0.05,1.0,0.6,0.4,4,0.6494153859066146,5,0.6494165889105676
223,0.05,1.0,0.6,0.4,6,0.6494467450764645,5,0.6494479480223294
224,0.05,1.0,0.6,0.4,8,0.6494467450764645,5,0.6494479480223294
225,0.1,0.35,0.2,0.05,1,0.016014512557988254,22,0.01693264930452301
226,0.1,0.35,0.2,0.05,2,0.01765444648985502,22,0.018491335291513
227,0.1,0.35,0.2,0.05,4,0.02585004653053797,22,0.02642867582061156
228,0.1,0.35,0.2,0.05,6,0.026409695221700023,22,0.02697632298336979
229,0.1,0.35,0.2,0.05,8,0.026379926205625643,22,0.02694717993806132
230,0.1,0.35,0.2,0.1,1,0.011583666851041036,22,0.012823078324486167
231,0.1,0.35,0.2,0.1,2,0.013150023307851864,22,0.014253880629395185
232,0.1,0.35,0.2,0.1,4,0.025342387935126297,22,0.02593234710269078
233,0.1,0.35,0.2,0.1,6,0.026438817726233188,22,0.027004834433134048
234,0.1,0.35,0.2,0.1,8,0.026379170560648178,22,0.026946440200289305
235,0.1,0.35,0.2,0.2,1,0.008715535104943668,22,0.01030585038536391
236,0.1,0.35,0.2,0.2,2,0.009466658576578673,22,0.01094840740041722
237,0.1,0.35,0.2,0.2,4,0.024393300011288296,22,0.025005661067860566
238,0.1,0.35,0.2,0.2,6,0.0264973919573295,22,0.027062183587810314
239,0.1,0.35,0.2,0.2,8,0.026377659301132998,22,0.02694496075719258
240,0.1,0.35,0.2,0.3,1,0.007983371604480259,22,0.009694546001501138
241,0.1,0.35,0.2,0.3,2,0.008237182091032262,22,0.009904603414615985
242,0.1,0.35,0.2,0.3,4,0.023528356584988058,22,0.024162648107985824
243,0.1,0.35,0.2,0.3,6,0.02655640816145602,22,0.02711997076764368
244,0.1,0.35,0.2,0.3,8,0.026376148082276875,22,0.026943481357430372
245,0.1,0.35,0.2,0.4,1,0.007796488611255058,22,0.009541238633711549
246,0.1,0.35,0.2,0.4,2,0.007812646649204986,22,0.009554446486601613
247,0.1,0.35,0.2,0.4,4,0.02274296959240424,22,0.023398561192539677
248,0.1,0.35,0.2,0.4,6,0.026615869986108234,22,0.027178199629802873
249,0.1,0.35,0.2,0.4,8,0.026374636904167408,22,0.026942002001088733
250,0.1,0.35,0.4,0.05,1,0.007924614030394376,22,0.009646217265370058
251,0.1,0.35,0.4,0.05,2,0.00795468882634051,22,0.009670939681535944
252,0.1,0.35,0.4,0.05,4,0.0080263731988082,22,0.00972998801266202
253,0.1,0.35,0.4,0.05,6,0.00802604677151021,22,0.009729718740974452
254,0.1,0.35,0.4,0.05,8,0.008005694452578451,22,0.009712936922890283
255,0.1,0.35,0.4,0.1,1,0.007869313545697336,22,0.009600838280092814
256,0.1,0.35,0.4,0.1,2,0.00791436771297648,22,0.009637801424401965
257,0.1,0.35,0.4,0.1,4,0.008050850589410841,22,0.009750189496261951
258,0.1,0.35,0.4,0.1,6,0.008050162182968706,22,0.009749621078385532
259,0.1,0.35,0.4,0.1,8,0.008008272271683275,22,0.009715061748512523
260,0.1,0.35,0.4,0.2,1,0.007805502945293449,22,0.00954860598354465
261,0.1,0.35,0.4,0.2,2,0.007853337844043988,22,0.009587748186758633
262,0.1,0.35,0.4,0.2,4,0.008103540734414157,22,0.009793741493132722
263,0.1,0.35,0.4,0.2,6,0.008102019764977009,22,0.009792483049363839
264,0.1,0.35,0.4,0.2,8,0.008013486741865632,22,0.009719360563435038
265,0.1,0.35,0.4,0.3,1,0.007780774410245492,22,0.009528402301704682
266,0.1,0.35,0.4,0.3,2,0.00781290628603205,22,0.009554658792145282
267,0.1,0.35,0.4,0.3,4,0.00816123869944566,22,0.009841535302447961
268,0.1,0.35,0.4,0.3,6,0.008158736883184513,22,0.009839460733649753
269,0.1,0.35,0.4,0.3,8,0.008018780097419157,22,0.009723725327813697
270,0.1,0.35,0.4,0.4,1,0.0077786899442862,22,0.009526700228795868
271,0.1,0.35,0.4,0.4,2,0.007788712423794556,22,0.00953488548544615
272,0.1,0.35,0.4,0.4,4,0.008223986949479936,22,0.00989363236355669
273,0.1,0.35,0.4,0.4,6,0.008220351232082009,22,0.009890610414872896
274,0.1,0.35,0.4,0.4,8,0.008024152879123446,22,0.009728156527705806
275,0.1,0.35,0.6,0.05,1,0.008530493462018597,22,0.010149843284777457
276,0.1,0.35,0.6,0.05,2,0.008515446296630006,22,0.010137200088327629
277,0.1,0.35,0.6,0.05,4,0.00850273941989586,22,0.010126528410203122
278,0.1,0.35,0.6,0.05,6,0.008500627714624788,22,0.010124755381867112
279,0.1,0.35,0.6,0.05,8,0.008521394731246855,22,0.01014219740321207
280,0.1,0.35,0.6,0.1,1,0.00854188884015932,22,0.010159422471658432
281,0.1,0.35,0.6,0.1,2,0.008511705545318505,22,0.01013405798731218
282,0.1,0.35,0.6,0.1,4,0.008486151690761183,22,0.010112604536844547
283,0.1,0.35,0.6,0.1,6,0.008481923613910947,22,0.01010905674097342
284,0.1,0.35,0.6,0.1,8,0.008523695765471241,22,0.010144130790871753
285,0.1,0.35,0.6,0.2,1,0.008564719490265474,22,0.010178625641359115
286,0.1,0.35,0.6,0.2,2,0.00850398752777717,22,0.010127576406652761
287,0.1,0.35,0.6,0.2,4,0.008452349394237519,22,0.0100842555641092
288,0.1,0.35,0.6,0.2,6,0.008443888717329704,22,0.010077165110816032
289,0.1,0.35,0.6,0.2,8,0.008528320371265859,22,0.01014801696662694
290,0.1,0.35,0.6,0.3,1,0.008587651350858497,22,0.010197928991903296
291,0.1,0.35,0.6,0.3,2,0.008495989259734969,22,0.010120861302356234
292,0.1,0.35,0.6,0.3,4,0.00841780161647192,22,0.010055316208567349
293,0.1,0.35,0.6,0.3,6,0.008405133356002018,22,0.010044713372325651
294,0.1,0.35,0.6,0.3,8,0.008532974546748867,22,0.010151928615561875
295,0.1,0.35,0.6,0.4,1,0.008610739125380377,22,0.010217378738470862
296,0.1,0.35,0.6,0.4,2,0.008487753465211148,22,0.010113948728671895
297,0.1,0.35,0.6,0.4,4,0.008382624419268275,22,0.010025886103208672
298,0.1,0.35,0.6,0.4,6,0.008365805064819484,22,0.010011827724374771
299,0.1,0.35,0.6,0.4,8,0.008537657644148577,22,0.01015586520433826
300,0.1,0.5,0.2,0.05,1,0.0671775114602874,14,0.06726862601537989
301,0.1,0.5,0.2,0.05,2,0.07901781126497841,14,0.07909528745195726
302,0.1,0.5,0.2,0.05,4,0.08229017704002532,14,0.08236457513566564
303,0.1,0.5,0.2,0.05,6,0.08229017704191394,14,0.08236457513755255
304,0.1,0.5,0.2,0.05,8,0.08229017704191394,14,0.08236457513755255
305,0.1,0.5,0.2,0.1,1,0.05434489826107243,14,0.054457487703770485
306,0.1,0.5,0.2,0.1,2,0.0760440068534625,14,0.07612450970830258
307,0.1,0.5,0.2,0.1,4,0.08244516906772745,14,0.08251942742534125
308,0.1,0.5,0.2,0.1,6,0.0824451690715056,14,0.08251942742911601
309,0.1,0.5,0.2,0.1,8,0.0824451690715056,14,0.08251942742911601
310,0.1,0.5,0.2,0.2,1,0.03512213063447292,14,0.035296091289333746
311,0.1,0.5,0.2,0.2,2,0.07050100302459578,14,0.07058782775715698
312,0.1,0.5,0.2,0.2,4,0.0827561377546605,14,0.0828301173249703
313,0.1,0.5,0.2,0.2,6,0.08275613776222081,14,0.08283011733252385
314,0.1,0.5,0.2,0.2,8,0.08275613776222081,14,0.08283011733252385
315,0.1,0.5,0.2,0.3,1,0.023024144017439744,14,0.023288649761972167
316,0.1,0.5,0.2,0.3,2,0.06545226325546583,14,0.06554577610542728
317,0.1,0.5,0.2,0.3,4,0.0830684224805709,14,0.08314212418149189
318,0.1,0.5,0.2,0.3,6,0.08306842249191715,14,0.08314212419282807
319,0.1,0.5,0.2,0.3,8,0.08306842249191715,14,0.08314212419282807
320,0.1,0.5,0.2,0.4,1,0.015923439555051388,14,0.01630355566320964
321,0.1,0.5,0.2,0.4,2,0.06084462271014418,14,0.06094520582244179
322,0.1,0.5,0.2,0.4,4,0.08338202706302897,14,0.0834554518119679
323,0.1,0.5,0.2,0.4,6,0.08338202707816478,14,0.08345545182709038
324,0.1,0.5,0.2,0.4,8,0.08338202707816478,14,0.08345545182709038
325,0.1,0.5,0.4,0.05,1,0.010088561367577468,14,0.010678439514619003
326,0.1,0.5,0.4,0.05,2,0.010419753642993138,14,0.010991872724002438
327,0.1,0.5,0.4,0.05,4,0.010655540976547919,14,0.011215638791566522
328,0.1,0.5,0.4,0.05,6,0.010655825035729772,14,0.011215908665466451
329,0.1,0.5,0.4,0.05,8,0.01065583718470648,14,0.011215920207765984
330,0.1,0.5,0.4,0.1,1,0.009694665168996105,14,0.010307110785227171
331,0.1,0.5,0.4,0.1,2,0.010212579037177132,14,0.01079568296082234
332,0.1,0.5,0.4,0.1,4,0.01065988384331271,14,0.011219764861748189
333,0.1,0.5,0.4,0.1,6,0.010660452429361492,14,0.011220305076007485
334,0.1,0.5,0.4,0.1,8,0.010660476760194354,14,0.011220328192822343
335,0.1,0.5,0.4,0.2,1,0.009250085018145561,14,0.009890099738775185
336,0.1,0.5,0.4,0.2,2,0.009866032106561251,14,0.010468456883786524
337,0.1,0.5,0.4,0.2,4,0.010668566664404215,14,0.011228014725357144
338,0.1,0.5,0.4,0.2,6,0.010669705698728691,14,0.011229097011669438
339,0.1,0.5,0.4,0.2,8,0.010669754491815037,14,0.011229143374078326
340,0.1,0.5,0.4,0.3,1,0.009078252174657412,14,0.009729576688976352
341,0.1,0.5,0.4,0.3,2,0.009600380656785538,14,0.01021847878870343
342,0.1,0.5,0.4,0.3,4,0.010677245493466422,14,0.011236261447997239
343,0.1,0.5,0.4,0.3,6,0.010678956821662996,14,0.011237887648439214
344,0.1,0.5,0.4,0.3,8,0.010679030208248069,14,0.011237957385071133
345,0.1,0.5,0.4,0.4,1,0.009046534126675033,14,0.009699988644585931
346,0.1,0.5,0.4,0.4,2,0.00940334780190657,14,0.010033591076161173
347,0.1,0.5,0.4,0.4,4,0.01068592020195796,14,0.011244504905179831
348,0.1,0.5,0.4,0.4,6,0.010688205653627884,14,0.011246676846706456
349,0.1,0.5,0.4,0.4,8,0.01068830376481198,14,0.011246770086068888
350,0.1,0.5,0.6,0.05,1,0.00931222235123859,14,0.009948240302631797
351,0.1,0.5,0.6,0.05,2,0.009284782440306795,14,0.00992255939583278
352,0.1,0.5,0.6,0.05,4,0.0092644852879993,14,0.009903569439932022
353,0.1,0.5,0.6,0.05,6,0.009266207715611093,14,0.009905180736808922
354,0.1,0.5,0.6,0.05,8,0.009265272070660644,14,0.009904305454869824
355,0.1,0.5,0.6,0.1,1,0.009350166716201634,14,0.009983767706670907
356,0.1,0.5,0.6,0.1,2,0.009294930705516137,14,0.009932056021808713
357,0.1,0.5,0.6,0.1,4,0.009254890810793205,14,0.009894594681931369
358,0.1,0.5,0.6,0.1,6,0.009258252010928317,14,0.009897738645663373
359,0.1,0.5,0.6,0.1,8,0.009256428548321214,14,0.009896033016829318
360,0.1,0.5,0.6,0.2,1,0.009424886177710918,14,0.010053779362150649
361,0.1,0.5,0.6,0.2,2,0.009314041240562683,14,0.009949942926012312
362,0.1,0.5,0.6,0.2,4,0.009236242748240323,14,0.009877154453810162
363,0.1,0.5,0.6,0.2,6,0.009242630616207274,14,0.009883128083135018
364,0.1,0.5,0.6,0.2,8,0.009239173724849342,14,0.009879895298936445
365,0.1,0.5,0.6,0.3,1,0.009496896959540247,14,0.010121316705850321
366,0.1,0.5,0.6,0.3,2,0.009331512444760513,14,0.009966299438945246
367,0.1,0.5,0.6,0.3,4,0.00921833197940491,14,0.009860407926780678
368,0.1,0.5,0.6,0.3,6,0.009227412788265365,14,0.009868897950888094
369,0.1,0.5,0.6,0.3,8,0.009222509695300345,14,0.009864313715606822
370,0.1,0.5,0.6,0.4,1,0.00956550921868881,14,0.010185723666623821
371,0.1,0.5,0.6,0.4,2,0.009347311895340826,14,0.00998109411180859
372,0.1,0.5,0.6,0.4,4,0.009201177172314839,14,0.009844372065110487
373,0.1,0.5,0.6,0.4,6,0.009212618999939508,14,0.009855067165577637
374,0.1,0.5,0.6,0.4,8,0.00920645372392014,14,0.009849304044991352
375,0.1,1.0,0.2,0.05,1,0.9874074006695478,5,0.9874081918826646
376,0.1,1.0,0.2,0.05,2,0.9874138413302491,5,0.987414632538205
377,0.1,1.0,0.2,0.05,4,0.9874138413399689,5,0.9874146325479247
378,0.1,1.0,0.2,0.05,6,0.9874138413399689,5,0.9874146325479247
379,0.1,1.0,0.2,0.05,8,0.9874138413399689,5,0.9874146325479247
380,0.1,1.0,0.2,0.1,1,0.987400960345664,5,0.9874017515639415
381,0.1,1.0,0.2,0.1,2,0.9874138413205297,5,0.9874146325284856
382,0.1,1.0,0.2,0.1,4,0.9874138413399689,5,0.9874146325479247
383,0.1,1.0,0.2,0.1,6,0.9874138413399689,5,0.9874146325479247
384,0.1,1.0,0.2,0.1,8,0.9874138413399689,5,0.9874146325479247
385,0.1,1.0,0.2,0.2,1,0.9873880807373856,5,0.9873888719659838
386,0.1,1.0,0.2,0.2,2,0.98741384130109,5,0.9874146325090459
387,0.1,1.0,0.2,0.2,4,0.9874138413399689,5,0.9874146325479247
388,0.1,1.0,0.2,0.2,6,0.9874138413399689,5,0.9874146325479247
389,0.1,1.0,0.2,0.2,8,0.9874138413399689,5,0.9874146325479247
390,0.1,1.0,0.2,0.3,1,0.9873752025148873,5,0.9873759937538055
391,0.1,1.0,0.2,0.3,2,0.9874138412816507,5,0.9874146324896066
392,0.1,1.0,0.2,0.3,4,0.9874138413399689,5,0.9874146325479247
393,0.1,1.0,0.2,0.3,6,0.9874138413399689,5,0.9874146325479247
394,0.1,1.0,0.2,0.3,8,0.9874138413399689,5,0.9874146325479247
395,0.1,1.0,0.2,0.4,1,0.9873623256779243,5,0.9873631169271614
396,0.1,1.0,0.2,0.4,2,0.9874138412622114,5,0.9874146324701674
397,0.1,1.0,0.2,0.4,4,0.9874138413399689,5,0.9874146325479247
398,0.1,1.0,0.2,0.4,6,0.9874138413399689,5,0.9874146325479247
399,0.1,1.0,0.2,0.4,8,0.9874138413399689,5,0.9874146325479247
400,0.1,1.0,0.4,0.05,1,0.7504060093132616,5,0.7504070504156094
401,0.1,1.0,0.4,0.05,2,0.7539583744124566,5,0.7539594106095329
402,0.1,1.0,0.4,0.05,4,0.7539583113989504,5,0.7539593475961133
403,0.1,1.0,0.4,0.05,6,0.7539583148624265,5,0.7539593510595846
404,0.1,1.0,0.4,0.05,8,0.7539583148624265,5,0.7539593510595846
405,0.1,1.0,0.4,0.1,1,0.7469105461611214,5,0.7469115921357123
406,0.1,1.0,0.4,0.1,2,0.7539584888819413,5,0.7539595250788602
407,0.1,1.0,0.4,0.1,4,0.753958307935474,5,0.7539593441326417
408,0.1,1.0,0.4,0.1,6,0.7539583148624265,5,0.7539593510595846
409,0.1,1.0,0.4,0.1,8,0.7539583148624265,5,0.7539593510595846
410,0.1,1.0,0.4,0.2,1,0.7400788940002576,5,0.7400799496302035
411,0.1,1.0,0.4,0.2,2,0.7539588829378442,5,0.7539599191342216
412,0.1,1.0,0.4,0.2,4,0.7539583010085218,5,0.7539593372056989
413,0.1,1.0,0.4,0.2,6,0.7539583148624265,5,0.7539593510595846
414,0.1,1.0,0.4,0.2,8,0.7539583148624265,5,0.7539593510595846
415,0.1,1.0,0.4,0.3,1,0.7334580179451315,5,0.733459083104164
416,0.1,1.0,0.4,0.3,2,0.7539594977484791,5,0.7539605339440115
417,0.1,1.0,0.4,0.3,4,0.7539582940815697,5,0.7539593302787564
418,0.1,1.0,0.4,0.3,6,0.7539583148624265,5,0.7539593510595846
419,0.1,1.0,0.4,0.3,8,0.7539583148624265,5,0.7539593510595846
420,0.1,1.0,0.4,0.4,1,0.7270667450769386,5,0.727067819599227
421,0.1,1.0,0.4,0.4,2,0.7539603340341198,5,0.7539613702285028
422,0.1,1.0,0.4,0.4,4,0.7539582871546175,5,0.7539593233518137
423,0.1,1.0,0.4,0.4,6,0.7539583148624265,5,0.7539593510595846
424,0.1,1.0,0.4,0.4,8,0.7539583148624265,5,0.7539593510595846
425,0.1,1.0,0.6,0.05,1,0.6525787197302746,5,0.6525799169027532
426,0.1,1.0,0.6,0.05,2,0.6548358535268224,5,0.654837046572811
427,0.1,1.0,0.6,0.05,4,0.653779692750092,5,0.6537808877234059
428,0.1,1.0,0.6,0.05,6,0.6537880040964201,5,0.6537891990545428
429,0.1,1.0,0.6,0.05,8,0.6537880040964201,5,0.6537891990545428
430,0.1,1.0,0.6,0.1,1,0.6514450263581327,5,0.6514462256140165
431,0.1,1.0,0.6,0.1,2,0.6558792214289122,5,0.6558804125770155
432,0.1,1.0,0.6,0.1,4,0.653771381481817,5,0.6537725764703224
433,0.1,1.0,0.6,0.1,6,0.6537880040964201,5,0.6537891990545428
434,0.1,1.0,0.6,0.1,8,0.6537880040964201,5,0.6537891990545428
435,0.1,1.0,0.6,0.2,1,0.6493987214108871,5,0.6493999244457108
436,0.1,1.0,0.6,0.2,2,0.6579521622037336,5,0.6579533495990185
437,0.1,1.0,0.6,0.2,4,0.6537547591794944,5,0.6537559541983834
438,0.1,1.0,0.6,0.2,6,0.6537880040964201,5,0.6537891990545428
439,0.1,1.0,0.6,0.2,8,0.6537880040964201,5,0.6537891990545428
440,0.1,1.0,0.6,0.3,1,0.647636414200798,5,0.6476376205092379
441,0.1,1.0,0.6,0.3,2,0.6600061484468571,5,0.6600073321468897
442,0.1,1.0,0.6,0.3,4,0.6537381371895882,5,0.6537393322388617
443,0.1,1.0,0.6,0.3,6,0.6537880040964201,5,0.6537891990545428
444,0.1,1.0,0.6,0.3,8,0.6537880040964201,5,0.6537891990545428
445,0.1,1.0,0.6,0.4,1,0.6461438268405022,5,0.6461450359355002
446,0.1,1.0,0.6,0.4,2,0.6620405392705347,5,0.6620417193331705
447,0.1,1.0,0.6,0.4,4,0.6537215155122351,5,0.6537227105918942
448,0.1,1.0,0.6,0.4,6,0.6537880040964201,5,0.6537891990545428
449,0.1,1.0,0.6,0.4,8,0.6537880040964201,5,0.6537891990545428
450,0.2,0.35,0.2,0.05,1,0.01398627653695166,22,0.015028836660503185
451,0.2,0.35,0.2,0.05,2,0.015928180377064304,22,0.016851021634437965
452,0.2,0.35,0.2,0.05,4,0.028455096950360012,22,0.028981762238593906
453,0.2,0.35,0.2,0.05,6,0.029361359252599476,22,0.029872050769242625
454,0.2,0.35,0.2,0.05,8,0.029265202694798723,22,0.02977754336354251
455,0.2,0.35,0.2,0.1,1,0.010456625694053364,22,0.011814864404873083
456,0.2,0.35,0.2,0.1,2,0.011481247541723413,22,0.012730634120668534
457,0.2,0.35,0.2,0.1,4,0.02770952653702134,22,0.028250094883130742
458,0.2,0.35,0.2,0.1,6,0.02945640201504009,22,0.029965473793545427
459,0.2,0.35,0.2,0.1,8,0.0292633861062419,22,0.02977575803238251
460,0.2,0.35,0.2,0.2,1,0.008838582108392667,22,0.010410116891120818
461,0.2,0.35,0.2,0.2,2,0.008779288438116992,22,0.010359821691499072
462,0.2,0.35,0.2,0.2,4,0.026406077706517195,22,0.026972781462849257
463,0.2,0.35,0.2,0.2,6,0.0296486198055975,22,0.030154446709844775
464,0.2,0.35,0.2,0.2,8,0.029259753102415523,22,0.029772187551711998
465,0.2,0.35,0.2,0.3,1,0.008454416937287478,22,0.01008598858563172
466,0.2,0.35,0.2,0.3,2,0.007947346067426343,22,0.009664900905619103
467,0.2,0.35,0.2,0.3,4,0.025335149649933886,22,0.025925273533456597
468,0.2,0.35,0.2,0.3,6,0.029843720713974887,22,0.030346295755062654
469,0.2,0.35,0.2,0.3,8,0.02925612033033821,22,0.029768617313930268
470,0.2,0.35,0.2,0.4,1,0.008328097507297624,22,0.009980341080897832
471,0.2,0.35,0.2,0.4,2,0.008121270059369697,22,0.009808416150287195
472,0.2,0.35,0.2,0.4,4,0.024477319064879,22,0.025087629393864396
473,0.2,0.35,0.2,0.4,6,0.030041753676871508,22,0.03054107011847854
474,0.2,0.35,0.2,0.4,8,0.02925248779085074,22,0.02976504731986616
475,0.2,0.35,0.4,0.05,1,0.008346755997248557,22,0.009995915949906979
476,0.2,0.35,0.4,0.05,2,0.008426023368821724,22,0.010062200048296088
477,0.2,0.35,0.4,0.05,4,0.008518446809968137,22,0.010139720708888205
478,0.2,0.35,0.4,0.05,6,0.008520965322220452,22,0.010141836619788522
479,0.2,0.35,0.4,0.05,8,0.008463201055101552,22,0.010093352867064146
480,0.2,0.35,0.4,0.1,1,0.00826700894880241,22,0.009929422790856431
481,0.2,0.35,0.4,0.1,2,0.008401579705396985,22,0.010041739966068554
482,0.2,0.35,0.4,0.1,4,0.008585537881382936,22,0.010196149308080056
483,0.2,0.35,0.4,0.1,6,0.008590820977261692,22,0.01020059826987415
484,0.2,0.35,0.4,0.1,8,0.008472243779987884,22,0.010100936326279035
485,0.2,0.35,0.4,0.2,1,0.008160490135285237,22,0.009840914553439007
486,0.2,0.35,0.4,0.2,2,0.008360445690775443,22,0.010007349906364106
487,0.2,0.35,0.4,0.2,4,0.00872796586321845,22,0.010316365062826469
488,0.2,0.35,0.4,0.2,6,0.008739520859496188,22,0.010326142786809071
489,0.2,0.35,0.4,0.2,8,0.00849044101758967,22,0.010116204262131579
490,0.2,0.35,0.4,0.3,1,0.00809628393882369,22,0.00978773792140219
491,0.2,0.35,0.4,0.3,2,0.008325299401101244,22,0.0099780063198004
492,0.2,0.35,0.4,0.3,4,0.008881253498044838,22,0.010446370838551237
493,0.2,0.35,0.4,0.3,6,0.008900133474203244,22,0.010462426862761482
494,0.2,0.35,0.4,0.3,8,0.008508783706727498,22,0.010131604027392273
495,0.2,0.35,0.4,0.4,1,0.008055767058833497,22,0.009754249479390348
496,0.2,0.35,0.4,0.4,2,0.008292412570925877,22,0.009950583211372563
497,0.2,0.35,0.4,0.4,4,0.009045694119498685,22,0.010586528331022077
498,0.2,0.35,0.4,0.4,6,0.009073103433108309,22,0.01060995786550926
499,0.2,0.35,0.4,0.4,8,0.008527267908180034,22,0.010147132500262184
500,0.2,0.35,0.6,0.05,1,0.008277237642447885,22,0.009937940580902877
501,0.2,0.35,0.6,0.05,2,0.008263250071877538,22,0.009926293454778783
502,0.2,0.35,0.6,0.05,4,0.008264829334625644,22,0.009927608167654915
503,0.2,0.35,0.6,0.05,6,0.008260565867227499,22,0.009924059071106137
504,0.2,0.35,0.6,0.05,8,0.00828355014876664,22,0.009943198834737835
505,0.2,0.35,0.6,0.1,1,0.008270286912505795,22,0.009932152113976337
506,0.2,0.35,0.6,0.1,2,0.008242362685572473,22,0.009908912283420288
507,0.2,0.35,0.6,0.1,4,0.008245462430935912,22,0.009911490841441339
508,0.2,0.35,0.6,0.1,6,0.00823690971517226,22,0.009904376893873697
509,0.2,0.35,0.6,0.1,8,0.008283245151666929,22,0.009942944747036145
510,0.2,0.35,0.6,0.2,1,0.00825581281752004,22,0.009920103088069608
511,0.2,0.35,0.6,0.2,2,0.00820027201732287,22,0.009873928354919763
512,0.2,0.35,0.6,0.2,4,0.008206202407064376,22,0.009878854080596047
513,0.2,0.35,0.6,0.2,6,0.008189092538863569,22,0.009864645792428179
514,0.2,0.35,0.6,0.2,8,0.008283025213020458,22,0.009942761521807338
515,0.2,0.35,0.6,0.3,1,0.008240651785787968,22,0.009907489180140972
516,0.2,0.35,0.6,0.3,2,0.008158102230549042,22,0.009838934495365301
517,0.2,0.35,0.6,0.3,4,0.008166511001376414,22,0.00984590787767192
518,0.2,0.35,0.6,0.3,6,0.008141121901709411,22,0.009824859582634892
519,0.2,0.35,0.6,0.3,8,0.008283344382275392,22,0.009943027413990835
520,0.2,0.35,0.6,0.4,1,0.00822489342342511,22,0.009894385874156194
521,0.2,0.35,0.6,0.4,2,0.008116415747697057,22,0.009804397206838613
522,0.2,0.35,0.6,0.4,4,0.00812684129109666,22,0.009813029571476568
523,0.2,0.35,0.6,0.4,6,0.00809390545692441,22,0.009785770564734836
524,0.2,0.35,0.6,0.4,8,0.00828422709821722,22,0.00994376279960642
525,0.2,0.5,0.2,0.05,1,0.058441137718985646,14,0.05854585021920381
526,0.2,0.5,0.2,0.05,2,0.07713117122462197,14,0.07721054056592243
527,0.2,0.5,0.2,0.05,4,0.0826831972584078,14,0.0827572420327839
528,0.2,0.5,0.2,0.05,6,0.08268319726208154,14,0.08275724203645435
529,0.2,0.5,0.2,0.05,8,0.08268319726208154,14,0.08275724203645435
530,0.2,0.5,0.2,0.1,1,0.04128948017086402,14,0.04143755751465297
531,0.2,0.5,0.2,0.1,2,0.07241138108163889,14,0.07249591788611501
532,0.2,0.5,0.2,0.1,4,0.08306491700400935,14,0.08313862181250638
533,0.2,0.5,0.2,0.1,6,0.08306491701136784,14,0.08313862181985834
534,0.2,0.5,0.2,0.1,8,0.08306491701136784,14,0.08313862181985834
535,0.2,0.5,0.2,0.2,1,0.021643174400027634,14,0.021924347153564495
536,0.2,0.5,0.2,0.2,2,0.06412545472940338,14,0.06422089959080893
537,0.2,0.5,0.2,0.2,4,0.08383523570636789,14,0.0839082638715774
538,0.2,0.5,0.2,0.2,6,0.08383523572112805,14,0.08390826388632472
539,0.2,0.5,0.2,0.2,8,0.08383523572112805,14,0.08390826388632472
540,0.2,0.5,0.2,0.3,1,0.01343212705508299,14,0.013880635332141409
541,0.2,0.5,0.2,0.3,2,0.057087473506472274,14,0.05719466436086651
542,0.2,0.5,0.2,0.3,4,0.08461482745114125,14,0.08468718335489973
543,0.2,0.5,0.2,0.3,6,0.084614827473345,14,0.08468718337708452
544,0.2,0.5,0.2,0.3,8,0.084614827473345,14,0.08468718337708452
545,0.2,0.5,0.2,0.4,1,0.010457755891370827,14,0.011027903621427838
546,0.2,0.5,0.2,0.4,2,0.05101217655042782,14,0.0511321049479876
547,0.2,0.5,0.2,0.4,4,0.0854038140984703,14,0.08547550211941474
548,0.2,0.5,0.2,0.4,6,0.08540381412815809,14,0.08547550214907763
549,0.2,0.5,0.2,0.4,8,0.08540381412815809,14,0.08547550214907763
550,0.2,0.5,0.4,0.05,1,0.010139198250187099,14,0.010726292050685414
551,0.2,0.5,0.4,0.05,2,0.010579698168594654,14,0.011143608631792715
552,0.2,0.5,0.4,0.05,4,0.01088949483514042,14,0.011438142233970947
553,0.2,0.5,0.4,0.05,6,0.010890180398082972,14,0.011438794914797214
554,0.2,0.5,0.4,0.05,8,0.01089020645785924,14,0.011438819724726807
555,0.2,0.5,0.4,0.1,1,0.009646965967345638,14,0.010262258639067958
556,0.2,0.5,0.4,0.1,2,0.010311310522622389,14,0.010889128738973712
557,0.2,0.5,0.4,0.1,4,0.010896256568813477,14,0.011444579818123987
558,0.2,0.5,0.4,0.1,6,0.010897631718937666,14,0.011445889090918027
559,0.2,0.5,0.4,0.1,8,0.010897684035050271,14,0.011445938901103288
560,0.2,0.5,0.4,0.2,1,0.009133600020246673,14,0.009781239662223292
561,0.2,0.5,0.4,0.2,2,0.009870930658205435,14,0.010473073668178791
562,0.2,0.5,0.4,0.2,4,0.01090977041630012,14,0.01145744694669704
563,0.2,0.5,0.4,0.2,6,0.010912536822608973,14,0.011460081147391442
564,0.2,0.5,0.4,0.2,8,0.010912642243937135,14,0.011460181531902595
565,0.2,0.5,0.4,0.3,1,0.008965564479416537,14,0.009624517984531771
566,0.2,0.5,0.4,0.3,2,0.009543995326357852,14,0.01016552245531633
567,0.2,0.5,0.4,0.3,4,0.010923271321374734,14,0.011470303237507182
568,0.2,0.5,0.4,0.3,6,0.010927445110619364,14,0.011474278044635272
569,0.2,0.5,0.4,0.3,8,0.0109276044321379,14,0.011474429773425776
570,0.2,0.5,0.4,0.4,1,0.00896646926417501,14,0.009625360827802515
571,0.2,0.5,0.4,0.4,2,0.009310808779125287,14,0.009946917116445504
572,0.2,0.5,0.4,0.4,4,0.010936759154145383,14,0.011483148557594422
573,0.2,0.5,0.4,0.4,6,0.01094235647776123,14,0.011488479676893856
574,0.2,0.5,0.4,0.4,8,0.010942570500553679,14,0.011488683525956644
575,0.2,0.5,0.6,0.05,1,0.00906086267269373,14,0.009713353302202826
576,0.2,0.5,0.6,0.05,2,0.009043878859347274,14,0.009697512300716537
577,0.2,0.5,0.6,0.05,4,0.009022051250824984,14,0.009677159127167056
578,0.2,0.5,0.6,0.05,6,0.009022874271929276,14,0.009677926437364735
579,0.2,0.5,0.6,0.05,8,0.009021848027051334,14,0.00967696966117028
580,0.2,0.5,0.6,0.1,1,0.009097280495250383,14,0.009747333605107761
581,0.2,0.5,0.6,0.1,2,0.00906073741516837,14,0.009713236458906578
582,0.2,0.5,0.6,0.1,4,0.00901645466108925,14,0.009671941617662818
583,0.2,0.5,0.6,0.1,6,0.009018033902110523,14,0.009673413847221401
584,0.2,0.5,0.6,0.1,8,0.009016075792270185,14,0.009671588426518182
585,0.2,0.5,0.6,0.2,1,0.009177589856094296,14,0.009822329436884355
586,0.2,0.5,0.6,0.2,2,0.00909635371315901,14,0.009746468636121584
587,0.2,0.5,0.6,0.2,4,0.009005762810326789,14,0.009661975149826512
588,0.2,0.5,0.6,0.2,6,0.009008653652901965,14,0.009664669711787564
589,0.2,0.5,0.6,0.2,8,0.009005109355987844,14,0.009661366079043885
590,0.2,0.5,0.6,0.3,1,0.009264870294263233,14,0.009903929602411423
591,0.2,0.5,0.6,0.3,2,0.009133930602096064,14,0.00978154835616054
592,0.2,0.5,0.6,0.3,4,0.008995776334516259,14,0.009652667603343792
593,0.2,0.5,0.6,0.3,6,0.008999711239528994,14,0.009656334832373228
594,0.2,0.5,0.6,0.3,8,0.008994940641591172,14,0.009651888786437015
595,0.2,0.5,0.6,0.4,1,0.009356984636589063,14,0.00999015322652079
596,0.2,0.5,0.6,0.4,2,0.009173052003796343,14,0.009818089583231155
597,0.2,0.5,0.6,0.4,4,0.00898653991171188,14,0.009644060326687642
598,0.2,0.5,0.6,0.4,6,0.008991253016862953,14,0.009648452249622587
599,0.2,0.5,0.6,0.4,8,0.008985602638112045,14,0.00964318696127199
600,0.2,1.0,0.2,0.05,1,0.9898902566766664,5,0.9898910459052535
601,0.2,1.0,0.2,0.05,2,0.989898884799187,5,0.989899674020895
602,0.2,1.0,0.2,0.05,4,0.9898988848157956,5,0.9898996740375036
603,0.2,1.0,0.2,0.05,6,0.9898988848157956,5,0.9898996740375036
604,0.2,1.0,0.2,0.05,8,0.9898988848157956,5,0.9898996740375036
605,0.2,1.0,0.2,0.1,1,0.9898816287462712,5,0.9898824179817372
606,0.2,1.0,0.2,0.1,2,0.989898884782578,5,0.989899674004286
607,0.2,1.0,0.2,0.1,4,0.9898988848157956,5,0.9898996740375036
608,0.2,1.0,0.2,0.1,6,0.9898988848157956,5,0.9898996740375036
609,0.2,1.0,0.2,0.1,8,0.9898988848157956,5,0.9898996740375036
610,0.2,1.0,0.2,0.2,1,0.9898643735114983,5,0.9898651627607222
611,0.2,1.0,0.2,0.2,2,0.9898988847493609,5,0.989899673971069
612,0.2,1.0,0.2,0.2,4,0.9898988848157956,5,0.9898996740375036
613,0.2,1.0,0.2,0.2,6,0.9898988848157956,5,0.9898996740375036
614,0.2,1.0,0.2,0.2,8,0.9898988848157956,5,0.9898996740375036
615,0.2,1.0,0.2,0.3,1,0.9898471191111103,5,0.989847908374092
616,0.2,1.0,0.2,0.3,2,0.9898988847161436,5,0.9898996739378517
617,0.2,1.0,0.2,0.3,4,0.9898988848157956,5,0.9898996740375036
618,0.2,1.0,0.2,0.3,6,0.9898988848157956,5,0.9898996740375036
619,0.2,1.0,0.2,0.3,8,0.9898988848157956,5,0.9898996740375036
620,0.2,1.0,0.2,0.4,1,0.9898298655447422,5,0.9898306548214812
621,0.2,1.0,0.2,0.4,2,0.9898988846829261,5,0.9898996739046342
622,0.2,1.0,0.2,0.4,4,0.9898988848157956,5,0.9898996740375036
623,0.2,1.0,0.2,0.4,6,0.9898988848157956,5,0.9898996740375036
624,0.2,1.0,0.2,0.4,8,0.9898988848157956,5,0.9898996740375036
625,0.2,1.0,0.4,0.05,1,0.760741650320384,5,0.760742677278054
626,0.2,1.0,0.4,0.05,2,0.7643460503190058,5,0.7643470724338939
627,0.2,1.0,0.4,0.05,4,0.7643363111021685,5,0.7643373332300804
628,0.2,1.0,0.4,0.05,6,0.7643363174700175,5,0.7643373395979209
629,0.2,1.0,0.4,0.05,8,0.7643363174700175,5,0.7643373395979209
630,0.2,1.0,0.4,0.1,1,0.7572020767836957,5,0.7572031085419167
631,0.2,1.0,0.4,0.1,2,0.7643559022464712,5,0.764356924348185
632,0.2,1.0,0.4,0.1,4,0.7643363047343192,5,0.7643373268622397
633,0.2,1.0,0.4,0.1,6,0.7643363174700175,5,0.7643373395979209
634,0.2,1.0,0.4,0.1,8,0.7643363174700175,5,0.7643373395979209
635,0.2,1.0,0.4,0.2,1,0.7502968011217367,5,0.7502978423756201
636,0.2,1.0,0.4,0.2,2,0.7643759643772714,5,0.7643769864521588
637,0.2,1.0,0.4,0.2,4,0.7643362919986216,5,0.7643373141265591
638,0.2,1.0,0.4,0.2,6,0.7643363174700175,5,0.7643373395979209
639,0.2,1.0,0.4,0.2,8,0.7643363174700175,5,0.7643373395979209
640,0.2,1.0,0.4,0.3,1,0.743671393059973,5,0.7436724435904297
641,0.2,1.0,0.4,0.3,2,0.7643965059479461,5,0.7643975279953674
642,0.2,1.0,0.4,0.3,4,0.7643362792629244,5,0.7643373013908789
643,0.2,1.0,0.4,0.3,6,0.7643363174700175,5,0.7643373395979209
644,0.2,1.0,0.4,0.3,8,0.7643363174700175,5,0.7643373395979209
645,0.2,1.0,0.4,0.4,1,0.7374202207196302,5,0.737421280155508
646,0.2,1.0,0.4,0.4,2,0.7644175290515035,5,0.7644185510708164
647,0.2,1.0,0.4,0.4,4,0.7643362665272277,5,0.7643372886551992
648,0.2,1.0,0.4,0.4,6,0.7643363174700175,5,0.7643373395979209
649,0.2,1.0,0.4,0.4,8,0.7643363174700175,5,0.7643373395979209
650,0.2,1.0,0.6,0.05,1,0.6662913490886196,5,0.6662925216226975
651,0.2,1.0,0.6,0.05,2,0.6685199143526798,5,0.6685210829780271
652,0.2,1.0,0.6,0.05,4,0.6664904377156554,5,0.666491609899484
653,0.2,1.0,0.6,0.05,6,0.666508914168765,5,0.6665100863200992
654,0.2,1.0,0.6,0.05,8,0.666508914168765,5,0.6665100863200992
655,0.2,1.0,0.6,0.1,1,0.6661977351981869,5,0.6661989078970286
656,0.2,1.0,0.6,0.1,2,0.6705109500072107,5,0.6705121151624124
657,0.2,1.0,0.6,0.1,4,0.6664719614597717,5,0.6664731336760961
658,0.2,1.0,0.6,0.1,6,0.666508914168765,5,0.6665100863200992
659,0.2,1.0,0.6,0.1,8,0.666508914168765,5,0.6665100863200992
660,0.2,1.0,0.6,0.2,1,0.6663697476471275,5,0.6663709200432567
661,0.2,1.0,0.6,0.2,2,0.6744306030430144,5,0.6744317614265836
662,0.2,1.0,0.6,0.2,4,0.6664350095406525,5,0.6664361818219727
663,0.2,1.0,0.6,0.2,6,0.666508914168765,5,0.6665100863200992
664,0.2,1.0,0.6,0.2,8,0.666508914168765,5,0.6665100863200992
665,0.2,1.0,0.6,0.3,1,0.6669983658592007,5,0.6669995371503972
666,0.2,1.0,0.6,0.3,2,0.6782632283317928,5,0.6782643801697578
667,0.2,1.0,0.6,0.3,4,0.6663980584133462,5,0.6663992307596682
668,0.2,1.0,0.6,0.3,6,0.666508914168765,5,0.6665100863200992
669,0.2,1.0,0.6,0.3,8,0.666508914168765,5,0.6665100863200992
670,0.2,1.0,0.6,0.4,1,0.6680555119408953,5,0.6680566813786175
671,0.2,1.0,0.6,0.4,2,0.6820048255797324,5,0.6820059710985243
672,0.2,1.0,0.6,0.4,4,0.6663611080797917,5,0.6663622804911212
673,0.2,1.0,0.6,0.4,6,0.666508914168765,5,0.6665100863200992
674,0.2,1.0,0.6,0.4,8,0.666508914168765,5,0.6665100863200992
