,CB_0,CB_1,CB_2,TMSE_0,TMSE_1,TMSE_2,mean_CB,mean_TMSE
0,,1.0,1.0,,0.9893898703160915,0.9931251268433076,1.0,0.9912574985796996
1,3.0,6.0,6.0,1.000773093846839,0.8415609263589298,0.824963036789631,5.0,0.8890990189984667
2,3.0,7.0,7.0,1.0007761960680377,0.7838144208122688,0.7472610906301617,5.666666666666667,0.843950569170156
3,4.0,7.0,7.0,1.0007954247775175,0.6712471000950815,0.6673572812074563,6.0,0.7797999353600185
4,4.0,7.0,7.0,1.0008001195333087,0.5512248430376006,0.5498254331024682,6.0,0.7006167985577925
5,,7.0,7.0,,0.49897432435621225,0.4717018673520618,7.0,0.485338095854137
6,,7.0,7.0,,0.44698022600753917,0.4407551779680275,7.0,0.44386770198778336
7,,7.0,7.0,,0.3694582514809284,0.37447269981597003,7.0,0.37196547564844923
8,,7.0,7.0,,0.31387628203533224,0.3139762774672128,7.0,0.3139262797512725
9,,7.0,7.0,,0.29043922817715,0.28291453639835573,7.0,0.2866768822877529
10,,7.0,7.0,,0.24694849336625602,0.2541262052313126,7.0,0.2505373492987843
11,,7.0,7.0,,0.2033998166195864,0.21280663965099916,7.0,0.20810322813529278
12,,7.0,7.0,,0.18412002141563563,0.180667448500701,7.0,0.1823937349581683
13,,7.0,7.0,,0.16452394988664995,0.1680095029548002,7.0,0.16626672642072507
14,,7.0,7.0,,0.13705531061278023,0.14599386298554443,7.0,0.14152458679916233
15,,7.0,7.0,,0.11699560301944807,0.12264655925905778,7.0,0.11982108113925292
16,,7.0,7.0,,0.10871053643255073,0.1109974315395538,7.0,0.10985398398605226
17,,7.0,7.0,,0.093146047547345,0.09843655446875754,7.0,0.09579130100805128
18,,7.0,7.0,,0.07979204566565716,0.08317880695073597,7.0,0.08148542630819657
19,,7.0,7.0,,0.07282304085756236,0.0728948531853465,7.0,0.07285894702145443
20,,7.0,7.0,,0.06607948347544798,0.0664159026809692,7.0,0.06624769307820859
21,,7.0,7.0,,0.054645972875568806,0.05631605708093899,7.0,0.0554810149782539
22,,7.0,7.0,,0.04723665172878674,0.048893341301442794,7.0,0.04806499651511477
23,,7.0,7.0,,0.04380313559382012,0.04405876866290935,7.0,0.04393095212836473
24,,7.0,7.0,,0.035193059378031494,0.04006938538330978,7.0,0.03763122238067064
25,,7.0,7.0,,0.030068173636740508,0.03281741458663621,7.0,0.031442794111688356
26,,7.0,7.0,,0.026859222640262574,0.028876088380096115,7.0,0.027867655510179345
27,,7.0,7.0,,0.02476028636294208,0.02740409393040878,7.0,0.026082190146675427
28,,7.0,7.0,,0.020175003667175145,0.02445192219526688,7.0,0.022313462931221013
29,,7.0,7.0,,0.01735849010294279,0.022034776762133567,7.0,0.019696633432538177
30,,7.0,7.0,,0.016480507114519694,0.019063329385095692,7.0,0.017771918249807693
31,,7.0,7.0,,0.014583132113496622,0.016164270841604576,7.0,0.0153737014775506
32,,7.0,7.0,,0.012272799259560405,0.014402158162718687,7.0,0.013337478711139546
33,,7.0,7.0,,0.011556935059071072,0.013410878073083846,7.0,0.012483906566077459
34,,7.0,7.0,,0.010984950511786794,0.012654168789303482,7.0,0.011819559650545139
35,,7.0,7.0,,0.0097589979481738,0.010461083242003386,7.0,0.010110040595088594
36,,7.0,7.0,,0.008293242972900187,0.008779016366459799,7.0,0.008536129669679992
37,,7.0,7.0,,0.00791317706470752,0.008302293960547956,7.0,0.008107735512627737
38,,7.0,7.0,,0.007488261830969625,0.00791637260352499,7.0,0.007702317217247307
39,,7.0,7.0,,0.00715554576950873,0.0065987905285146585,7.0,0.006877168149011695
40,,7.0,7.0,,0.007093648797178651,0.0057441179326499885,7.0,0.0064188833649143195
41,,7.0,7.0,,0.006966802615733815,0.005499183748090609,7.0,0.006232993181912212
42,,7.0,7.0,,0.006524905808034705,0.005125470550451063,7.0,0.005825188179242885
43,,7.0,7.0,,0.006387881400217583,0.005056422546793638,7.0,0.00572215197350561
44,,7.0,7.0,,0.006272730168414278,0.004592410742134447,7.0,0.005432570455274363
45,,7.0,7.0,,0.006035848615759153,0.004307505932851681,7.0,0.0051716772743054164
46,,7.0,7.0,,0.0058023626867636895,0.004408157923481348,7.0,0.005105260305122519
47,,7.0,7.0,,0.005583549259380323,0.004149871613698225,7.0,0.004866710436539274
48,,7.0,7.0,,0.005389710785620084,0.004018167789526814,7.0,0.004703939287573449
49,,7.0,7.0,,0.005380856339082207,0.004087450027780952,7.0,0.0047341531834315794
50,,7.0,7.0,,0.005188558789358006,0.003780444585946388,7.0,0.0044845016876521974
51,,7.0,7.0,,0.005084209987465254,0.0036318380478855272,7.0,0.004358024017675391
52,,7.0,7.0,,0.004928608635202458,0.0035177110338244417,7.0,0.004223159834513449
53,,7.0,7.0,,0.00472516566149778,0.003533209467346312,7.0,0.004129187564422046
54,,7.0,7.0,,0.004725939905699493,0.003350175913645559,7.0,0.004038057909672526
55,,7.0,7.0,,0.004930211530165159,0.003258946289389287,7.0,0.004094578909777223
56,,7.0,7.0,,0.004667675756791364,0.0031423045277015316,7.0,0.003904990142246448
57,,7.0,7.0,,0.004484496169352148,0.0030677035652199656,7.0,0.003776099867286057
58,,7.0,7.0,,0.004396910185506873,0.003009906550909253,7.0,0.003703408368208063
59,,7.0,7.0,,0.0041786912176213905,0.0030245166233770077,7.0,0.003601603920499199
60,,7.0,7.0,,0.004265546186801853,0.0028875118755785213,7.0,0.003576529031190187
61,,7.0,7.0,,0.004252464552456483,0.002912571517667931,7.0,0.0035825180350622073
62,,7.0,7.0,,0.004192020141032492,0.002976041473316405,7.0,0.003584030807174449
63,,7.0,7.0,,0.004211486149114528,0.0028653830701201553,7.0,0.003538434609617342
64,,7.0,7.0,,0.004256108673779413,0.0028947856881055443,7.0,0.0035754471809424787
65,,7.0,7.0,,0.0043019748668175735,0.0028829344591133465,7.0,0.00359245466296546
66,,7.0,7.0,,0.004261569690055343,0.0028485689021024957,7.0,0.0035550692960789193
67,,7.0,7.0,,0.004450241359664937,0.002835325055039147,7.0,0.003642783207352042
68,,7.0,7.0,,0.004433971516164091,0.0028633437158627896,7.0,0.0036486576160134404
69,,7.0,7.0,,0.004436991333342033,0.0028527325854384804,7.0,0.0036448619593902566
70,,7.0,7.0,,0.00436204621669139,0.00288709267366169,7.0,0.00362456944517654
71,,7.0,7.0,,0.004128411218270893,0.0028264946753799925,7.0,0.0034774529468254425
72,,7.0,7.0,,0.004150702274261542,0.0028332972760238334,7.0,0.003491999775142688
73,,7.0,7.0,,0.0040283294030447935,0.0028596495658741337,7.0,0.0034439894844594636
74,,7.0,7.0,,0.0037842324968826273,0.0028922707645241343,7.0,0.0033382516307033806
75,,7.0,7.0,,0.0038264851485711637,0.0029183450166394387,7.0,0.003372415082605301
76,,7.0,7.0,,0.0038049904902313653,0.002921024228152951,7.0,0.003363007359192158
77,,7.0,7.0,,0.0037576127697110063,0.0029516444541545926,7.0,0.0033546286119327997
78,,7.0,7.0,,0.003733570334094864,0.0029451013853757134,7.0,0.0033393358597352887
79,,7.0,7.0,,0.0036653270119730973,0.0029964908583080623,7.0,0.00333090893514058
80,,7.0,7.0,,0.003617710630852168,0.0032757607941988286,7.0,0.003446735712525498
81,,7.0,7.0,,0.0036259954395688786,0.0032236770239559816,7.0,0.00342483623176243
82,,7.0,7.0,,0.0036460443145548927,0.0032829434344150395,7.0,0.003464493874484966
83,,7.0,7.0,,0.003629287986035373,0.0031880532908662956,7.0,0.0034086706384508342
84,,7.0,7.0,,0.003620076089731522,0.0031646224009815927,7.0,0.0033923492453565574
85,,7.0,7.0,,0.0035918555587909225,0.003100724267147176,7.0,0.003346289912969049
86,,7.0,7.0,,0.00358555029359794,0.003057030369172822,7.0,0.003321290331385381
87,,7.0,7.0,,0.0035925507120441857,0.003007264820057418,7.0,0.003299907766050802
88,,7.0,7.0,,0.003666823775192283,0.0029283230061713772,7.0,0.00329757339068183
89,,7.0,7.0,,0.0036437477407765097,0.0030779377113438837,7.0,0.0033608427260601965
90,,7.0,7.0,,0.0036061020094261998,0.0030899973035848414,7.0,0.0033480496565055206
91,,7.0,7.0,,0.003610428472989125,0.0030258901773743295,7.0,0.0033181593251817272
92,,7.0,7.0,,0.003638765030735264,0.002913231687881197,7.0,0.0032759983593082303
93,,7.0,7.0,,0.003689984568028383,0.0028827638008042823,7.0,0.003286374184416333
94,,7.0,7.0,,0.003708586569172463,0.0028667847411394044,7.0,0.0032876856551559337
95,,7.0,7.0,,0.0036589559862150334,0.002808842941111323,7.0,0.0032338994636631783
96,,7.0,7.0,,0.0036321315345964394,0.0030123958513182726,7.0,0.003322263692957356
97,,7.0,7.0,,0.003598450691117006,0.0030606401174692334,7.0,0.0033295454042931195
98,,7.0,7.0,,0.003613886727837243,0.0032536222481999457,7.0,0.003433754488018594
99,,7.0,7.0,,0.0036282408013666913,0.003310891793602635,7.0,0.003469566297484663
100,,7.0,7.0,,0.003628739594354068,0.0032758871416852043,7.0,0.003452313368019636
101,,7.0,7.0,,0.0036583100702906103,0.003283751622469005,7.0,0.0034710308463798073
102,,7.0,7.0,,0.0036447837754251962,0.003434358356131357,7.0,0.0035395710657782765
103,,7.0,7.0,,0.0036749661249402044,0.003206400621969706,7.0,0.0034406833734549553
104,,7.0,7.0,,0.0036844715450003035,0.0031114765484934787,7.0,0.003397974046746891
105,,7.0,7.0,,0.003649361685095732,0.0029439664428912876,7.0,0.0032966640639935096
106,,7.0,7.0,,0.0036444031262535537,0.003076661101091077,7.0,0.0033605321136723153
107,,7.0,7.0,,0.0037092523243350524,0.002984625583892762,7.0,0.0033469389541139075
108,,7.0,7.0,,0.0036949245392992026,0.0029417370304561075,7.0,0.003318330784877655
109,,7.0,7.0,,0.0036738653925581666,0.0029505918812280096,7.0,0.003312228636893088
110,,7.0,7.0,,0.0036551547607427065,0.0028637234273540947,7.0,0.0032594390940484004
111,,7.0,7.0,,0.0036734750488139497,0.0029198697746098574,7.0,0.0032966724117119038
112,,7.0,7.0,,0.003683760376114316,0.003052550208287796,7.0,0.003368155292201056
113,,7.0,7.0,,0.00362929530389011,0.0029285030057835037,7.0,0.0032788991548368066
114,,7.0,7.0,,0.003700606697079072,0.0029336009957666325,7.0,0.003317103846422852
115,,7.0,7.0,,0.003713650826470123,0.0029436041149844554,7.0,0.0033286274707272894
116,,7.0,7.0,,0.003647528838011721,0.0029027524070686706,7.0,0.0032751406225401958
117,,7.0,7.0,,0.003666763745681238,0.002818158191996073,7.0,0.0032424609688386555
118,,7.0,7.0,,0.0036954772049020003,0.002885420887754622,7.0,0.003290449046328311
119,,7.0,7.0,,0.0036810860830465584,0.0029028827611949914,7.0,0.003291984422120775
120,,7.0,7.0,,0.003675369584282112,0.0028379627838441223,7.0,0.0032566661840631173
121,,7.0,7.0,,0.0036522488456392096,0.0028991086801224675,7.0,0.0032756787628808385
122,,7.0,7.0,,0.003695694592667537,0.0029253248452904166,7.0,0.0033105097189789767
123,,7.0,7.0,,0.0037308541300626846,0.003124933798360503,7.0,0.003427893964211594
124,,7.0,7.0,,0.003747732035289469,0.003311103067439454,7.0,0.0035294175513644614
125,,7.0,7.0,,0.0037051564126130278,0.0034032930397146876,7.0,0.0035542247261638577
126,,7.0,7.0,,0.0037037047618807568,0.0034317047625615827,7.0,0.0035677047622211695
127,,7.0,7.0,,0.0037357789579400445,0.0032046281741618227,7.0,0.0034702035660509334
128,,7.0,7.0,,0.0037246978391725486,0.0033824215534993328,7.0,0.0035535596963359407
129,,7.0,7.0,,0.0037329966604631084,0.003438647440991278,7.0,0.003585822050727193
130,,7.0,7.0,,0.003746515562960391,0.0032359260132768537,7.0,0.003491220788118622
131,,7.0,7.0,,0.003696819262281381,0.003325739402515463,7.0,0.003511279332398422
132,,7.0,7.0,,0.003692184655533652,0.003237976235117235,7.0,0.0034650804453254438
133,,7.0,7.0,,0.0036890621969578154,0.0031823951956369443,7.0,0.00343572869629738
134,,7.0,7.0,,0.003708524680382479,0.003016445763769057,7.0,0.003362485222075768
135,,7.0,7.0,,0.003722320736475091,0.0030088599060957605,7.0,0.0033655903212854257
136,,7.0,7.0,,0.003725449148383396,0.002983010530698025,7.0,0.0033542298395407106
137,,7.0,7.0,,0.0037329383378220658,0.002886867641747745,7.0,0.0033099029897849055
138,,7.0,7.0,,0.0037813548409258656,0.002900333981433475,7.0,0.00334084441117967
139,,7.0,7.0,,0.0037654952851071998,0.0028824034567104546,7.0,0.003323949370908827
140,,7.0,7.0,,0.003769681288562497,0.0028360249844692365,7.0,0.003302853136515867
141,,7.0,7.0,,0.0037401923807145123,0.0028440664501079714,7.0,0.003292129415411242
142,,7.0,7.0,,0.003776801180278366,0.002880095187109981,7.0,0.0033284481836941735
143,,7.0,7.0,,0.0037614726216115162,0.002912202298855655,7.0,0.0033368374602335857
144,,7.0,7.0,,0.0037601487936779854,0.0029297175736340375,7.0,0.0033449331836560114
145,,7.0,7.0,,0.003787306973315805,0.0028725398996033193,7.0,0.0033299234364595623
146,,7.0,7.0,,0.0037620429422297974,0.002904399352053041,7.0,0.003333221147141419
147,,7.0,7.0,,0.0037113533039308355,0.002965965015459201,7.0,0.0033386591596950184
148,,7.0,7.0,,0.0036642615069917817,0.0029208156724587976,7.0,0.0032925385897252897
149,,7.0,7.0,,0.003645859320200137,0.0029140222875239695,7.0,0.003279940803862053
150,,7.0,7.0,,0.0036367107256593495,0.002947058929849171,7.0,0.0032918848277542602
151,,7.0,7.0,,0.0036273328773058157,0.002952023337972919,7.0,0.0032896781076393673
152,,7.0,7.0,,0.003612647162756001,0.00287632939233308,7.0,0.0032444882775445405
153,,7.0,7.0,,0.0036736047329551046,0.0028702211834345957,7.0,0.00327191295819485
154,,7.0,7.0,,0.0037241239242357706,0.002946543840685778,7.0,0.0033353338824607744
155,,7.0,7.0,,0.0037332025557860558,0.002857926488141584,7.0,0.0032955645219638198
156,,7.0,7.0,,0.0037235489263190446,0.002827454148901584,7.0,0.003275501537610314
157,,7.0,7.0,,0.0037968891090702107,0.0028075309631952093,7.0,0.00330221003613271
158,,7.0,7.0,,0.003842545372046148,0.0028208019401103133,7.0,0.0033316736560782306
159,,7.0,7.0,,0.0038481647664444065,0.0028196198191387497,7.0,0.003333892292791578
160,,7.0,7.0,,0.0038296294340690006,0.0028108545870932167,7.0,0.0033202420105811086
161,,7.0,7.0,,0.003938898535074602,0.0028069886663008537,7.0,0.003372943600687728
162,,7.0,7.0,,0.0037366950954566282,0.0028200001208259083,7.0,0.0032783476081412683
163,,7.0,7.0,,0.0037138891549086013,0.0028116903834603194,7.0,0.0032627897691844604
164,,7.0,7.0,,0.0037320430351646334,0.0028252735219486363,7.0,0.0032786582785566346
165,,7.0,7.0,,0.0037584302122152104,0.0028551129604060398,7.0,0.003306771586310625
166,,7.0,7.0,,0.0037684209208756637,0.002940407125638164,7.0,0.0033544140232569138
167,,7.0,7.0,,0.0038441981368588407,0.002918948760445249,7.0,0.003381573448652045
168,,7.0,7.0,,0.003786057908442898,0.0028244239994690223,7.0,0.0033052409539559603
169,,7.0,7.0,,0.0037511916451948343,0.0028014435269042583,7.0,0.0032763175860495465
170,,7.0,7.0,,0.0037045792547659314,0.0027994304210020053,7.0,0.003252004837883968
171,,7.0,7.0,,0.0037308876763698356,0.0027909732462591793,7.0,0.0032609304613145074
172,,7.0,7.0,,0.0036640861472582386,0.002823493074508557,7.0,0.003243789610883398
173,,7.0,7.0,,0.0036592668356497824,0.002854531956809603,7.0,0.003256899396229693
174,,7.0,7.0,,0.0036919853101578543,0.0028912501912782907,7.0,0.0032916177507180725
175,,7.0,7.0,,0.0036913551762120605,0.002929810082847527,7.0,0.003310582629529794
176,,7.0,7.0,,0.0037002457335934256,0.003096896852876305,7.0,0.0033985712932348656
177,,7.0,7.0,,0.003765212715861016,0.0030767720071404924,7.0,0.003420992361500754
178,,7.0,7.0,,0.003770053426089506,0.0029998351722745507,7.0,0.003384944299182028
179,,7.0,7.0,,0.0038446876774506367,0.0030139726272854716,7.0,0.0034293301523680543
180,,7.0,7.0,,0.0038017587004408725,0.002981808936819801,7.0,0.003391783818630337
181,,7.0,7.0,,0.0037249680494393094,0.002974742673991787,7.0,0.0033498553617155482
182,,7.0,7.0,,0.0036924663021984504,0.002920061853136505,7.0,0.0033062640776674776
183,,7.0,7.0,,0.003674961737184107,0.003008010536491865,7.0,0.003341486136837986
184,,7.0,7.0,,0.0036918303803036494,0.003045809160454042,7.0,0.0033688197703788457
185,,7.0,7.0,,0.003764291984013402,0.0030221178505825787,7.0,0.0033932049172979905
186,,7.0,7.0,,0.0038203379721325455,0.0030347069434095587,7.0,0.003427522457771052
187,,7.0,7.0,,0.00376925773181503,0.002966099121999091,7.0,0.0033676784269070607
188,,7.0,7.0,,0.003731826193979315,0.002899637742150753,7.0,0.003315731968065034
189,,7.0,7.0,,0.0038706066999355648,0.0028745594157149707,7.0,0.0033725830578252678
190,,7.0,7.0,,0.003941158154944509,0.00286456885046681,7.0,0.003402863502705659
191,,7.0,7.0,,0.003917651890625839,0.002875554625930497,7.0,0.0033966032582781677
192,,7.0,7.0,,0.003938534481315722,0.0028491457048137403,7.0,0.0033938400930647312
193,,7.0,7.0,,0.003919814628103238,0.002890565482915102,7.0,0.00340519005550917
194,,7.0,7.0,,0.003896103701443857,0.0029158481618735983,7.0,0.003405975931658728
195,,7.0,7.0,,0.00395329537097672,0.0028814272118742584,7.0,0.003417361291425489
196,,7.0,7.0,,0.004002712166803179,0.002889981775468973,7.0,0.0034463469711360764
197,,7.0,7.0,,0.003858320881411647,0.0029233616460313315,7.0,0.0033908412637214894
198,,7.0,7.0,,0.0037556524430408735,0.002888808842384452,7.0,0.003322230642712663
199,,7.0,7.0,,0.0036939701100324376,0.002952013310708446,7.0,0.0033229917103704417
200,,7.0,7.0,,0.0037042110371409242,0.0029891517332377633,7.0,0.0033466813851893438
201,,7.0,7.0,,0.0036903302452493594,0.003007198702631848,7.0,0.0033487644739406035
202,,7.0,7.0,,0.0037917600875658876,0.0029624032187996496,7.0,0.003377081653182769
203,,7.0,7.0,,0.003774123368508715,0.002953038594772891,7.0,0.003363580981640803
204,,7.0,7.0,,0.003763239355192349,0.003105011558078125,7.0,0.003434125456635237
205,,7.0,7.0,,0.0037801170715632167,0.003035398370663705,7.0,0.0034077577211134606
206,,7.0,7.0,,0.0037513757324158215,0.0030410486068008836,7.0,0.0033962121696083526
207,,7.0,7.0,,0.0037646103570857276,0.0032215438423439592,7.0,0.0034930770997148434
208,,7.0,7.0,,0.0037768859968101837,0.0036868134650949284,7.0,0.003731849730952556
209,,7.0,7.0,,0.003703196492509601,0.0038695216504525025,7.0,0.0037863590714810515
210,,7.0,7.0,,0.0037095449715892816,0.003768720219390362,7.0,0.0037391325954898216
211,,7.0,7.0,,0.0036555326389574217,0.003485100506896841,7.0,0.0035703165729271315
212,,7.0,7.0,,0.0036633850969351113,0.003351309538185762,7.0,0.0035073473175604363
213,,7.0,7.0,,0.0037142410297236273,0.0031613558913551132,7.0,0.0034377984605393703
214,,7.0,7.0,,0.0037547119616458905,0.0031492812156916792,7.0,0.003451996588668785
215,,7.0,7.0,,0.0037545872076223774,0.002971354990945846,7.0,0.0033629710992841115
216,,7.0,7.0,,0.003745959252826661,0.0029311963389329386,7.0,0.0033385777958798
217,,7.0,7.0,,0.003698236461083488,0.002960927317897689,7.0,0.0033295818894905887
218,,7.0,7.0,,0.003679448179860906,0.0029856324685668036,7.0,0.0033325403242138547
219,,7.0,7.0,,0.0036561292866599086,0.0030689443796961136,7.0,0.003362536833178011
220,,7.0,7.0,,0.0036633492787387363,0.0030296410868051694,7.0,0.0033464951827719526
221,,7.0,7.0,,0.0036547710400280753,0.0029852180574607818,7.0,0.0033199945487444285
222,,7.0,7.0,,0.0036793372112216803,0.003001933319134443,7.0,0.0033406352651780616
223,,7.0,7.0,,0.003703553912439289,0.0030399956642494187,7.0,0.003371774788344354
224,,7.0,7.0,,0.003717692218020484,0.0030376468194027316,7.0,0.0033776695187116078
225,,7.0,7.0,,0.003631319903480604,0.0029249933582385663,7.0,0.003278156630859585
226,,7.0,7.0,,0.00362890757587664,0.002890808063116883,7.0,0.003259857819496762
227,,7.0,7.0,,0.0036009726504130047,0.0029340633930855266,7.0,0.0032675180217492657
228,,7.0,7.0,,0.0036212170212166182,0.0029365146171493194,7.0,0.0032788658191829686
229,,7.0,7.0,,0.003648997763109232,0.0028963832974789523,7.0,0.003272690530294092
230,,7.0,7.0,,0.0036725038901800726,0.0029066293511029167,7.0,0.0032895666206414946
231,,7.0,7.0,,0.0037278783921754254,0.0029286873138080986,7.0,0.003328282852991762
232,,7.0,7.0,,0.003782266193597038,0.0028910605103874064,7.0,0.003336663351992222
233,,7.0,7.0,,0.003778428353748297,0.0028863822512727594,7.0,0.003332405302510528
234,,7.0,7.0,,0.003830654380673344,0.0028786266215462307,7.0,0.0033546405011097872
235,,7.0,7.0,,0.0037874957442254886,0.002890754528366649,7.0,0.003339125136296069
236,,7.0,7.0,,0.0038091956379554485,0.0028557526577722443,7.0,0.0033324741478638464
237,,7.0,7.0,,0.003832910552262313,0.002870799531555364,7.0,0.0033518550419088383
238,,7.0,7.0,,0.0038138579160384373,0.002836362234132764,7.0,0.003325110075085601
239,,7.0,7.0,,0.003823361366848487,0.0028417346301210546,7.0,0.0033325479984847705
240,,7.0,7.0,,0.0037979408941630753,0.0029344659240415336,7.0,0.0033662034091023045
241,,7.0,7.0,,0.003817066278973651,0.0029206392218793587,7.0,0.003368852750426505
242,,7.0,7.0,,0.0037496990928062475,0.0029244933794548467,7.0,0.003337096236130547
243,,7.0,7.0,,0.003733916968035291,0.0028696590375235607,7.0,0.003301788002779426
244,,7.0,7.0,,0.0036979643888901716,0.002871825679416966,7.0,0.0032848950341535688
245,,7.0,7.0,,0.00368882654831126,0.002853561904130873,7.0,0.003271194226221067
246,,7.0,7.0,,0.0036778349399665734,0.002852257806789606,7.0,0.0032650463733780895
247,,7.0,7.0,,0.003711778431412833,0.003351230959158805,7.0,0.003531504695285819
248,,7.0,7.0,,0.00367539948754662,0.003470756128714263,7.0,0.0035730778081304415
249,,7.0,7.0,,0.0036879292364099332,0.0033167675727298544,7.0,0.003502348404569894
250,,7.0,7.0,,0.003673173629292362,0.0032508384307854575,7.0,0.00346200603003891
251,,7.0,7.0,,0.0037075849145393105,0.0032236241309205414,7.0,0.003465604522729926
252,,7.0,7.0,,0.0037088668457358185,0.003047471574815282,7.0,0.0033781692102755503
253,,7.0,7.0,,0.003781159811090412,0.002951107167252463,7.0,0.003366133489171437
254,,7.0,7.0,,0.003755751280440897,0.00288252088350289,7.0,0.0033191360819718936
255,,7.0,7.0,,0.0037867110744303724,0.0028462358310444003,7.0,0.003316473452737386
256,,7.0,7.0,,0.0037742473990966885,0.0028886559639818487,7.0,0.0033314516815392686
257,,7.0,7.0,,0.0037134066765279017,0.0028656396722405754,7.0,0.0032895231743842387
258,,7.0,7.0,,0.0036390728158749914,0.00289730572069184,7.0,0.003268189268283416
259,,7.0,7.0,,0.0036404065142898157,0.002897345116119721,7.0,0.0032688758152047684
260,,7.0,7.0,,0.0036438204920981373,0.0030116864874726815,7.0,0.0033277534897854094
261,,7.0,7.0,,0.0036199185894759843,0.003172765870141855,7.0,0.0033963422298089194
262,,7.0,7.0,,0.0036396532083566215,0.0032395269578404397,7.0,0.003439590083098531
263,,7.0,7.0,,0.00365702056690153,0.003148501271736413,7.0,0.0034027609193189715
264,,7.0,7.0,,0.003683321896522911,0.0032854473621303703,7.0,0.0034843846293266404
265,,7.0,7.0,,0.0036947383089801864,0.003617487087628264,7.0,0.003656112698304225
266,,7.0,7.0,,0.0037999709612378052,0.0040355184411105085,7.0,0.003917744701174157
267,,7.0,7.0,,0.00381887481499563,0.003678492680459169,7.0,0.003748683747727399
268,,7.0,7.0,,0.0037634328499485704,0.0035922808382493287,7.0,0.0036778568440989498
269,,7.0,7.0,,0.003717700234888049,0.0034216664607773463,7.0,0.0035696833478326977
270,,7.0,7.0,,0.0037402830625087465,0.0032314322705797593,7.0,0.003485857666544253
271,,7.0,7.0,,0.0037076129188390473,0.0031253518849406834,7.0,0.0034164824018898653
272,,7.0,7.0,,0.003634702395691854,0.0031648324396617938,7.0,0.003399767417676824
273,,7.0,7.0,,0.0036025898727458138,0.0032355023888505276,7.0,0.0034190461307981707
274,,7.0,7.0,,0.0036033506489329616,0.0031968204145251416,7.0,0.0034000855317290516
275,,7.0,7.0,,0.003612935516449446,0.00309355472859531,7.0,0.003353245122522378
276,,7.0,7.0,,0.0036408417926769338,0.0031088533255158733,7.0,0.0033748475590964036
277,,7.0,7.0,,0.0036278405031944976,0.003049000230748218,7.0,0.0033384203669713577
278,,7.0,7.0,,0.003597267755043527,0.0030713124223993114,7.0,0.0033342900887214193
279,,7.0,7.0,,0.0036149883483448777,0.0031426559251129717,7.0,0.0033788221367289247
280,,7.0,7.0,,0.0036448746436843022,0.003195134740030711,7.0,0.0034200046918575065
281,,7.0,7.0,,0.003665117711757695,0.0031494129012947414,7.0,0.003407265306526218
282,,7.0,7.0,,0.0036480329072844236,0.003213117851119698,7.0,0.0034305753792020608
283,,7.0,7.0,,0.00363237410837285,0.003318249766786545,7.0,0.0034753119375796975
284,,7.0,7.0,,0.0036239591084213586,0.0029990682875383,7.0,0.0033115136979798296
285,,7.0,7.0,,0.003632309864989085,0.0031975746006565465,7.0,0.0034149422328228155
286,,7.0,7.0,,0.003606131840957552,0.00319169197524954,7.0,0.003398911908103546
287,,7.0,7.0,,0.0036605191735924435,0.0031710449095647387,7.0,0.0034157820415785913
288,,7.0,7.0,,0.003658733797320965,0.0030437327875228355,7.0,0.0033512332924219004
289,,7.0,7.0,,0.0036224174274600385,0.003041313418525472,7.0,0.0033318654229927552
290,,7.0,7.0,,0.0036207185451856334,0.0030656796882394576,7.0,0.0033431991167125457
291,,7.0,7.0,,0.003644025335298705,0.003021318427665576,7.0,0.0033326718814821405
292,,7.0,7.0,,0.0036612585601558164,0.003012944490149549,7.0,0.003337101525152683
293,,7.0,7.0,,0.0037176796096725284,0.003110403856074322,7.0,0.003414041732873425
294,,7.0,7.0,,0.0037328488255283145,0.0034660421527239606,7.0,0.0035994454891261378
295,,7.0,7.0,,0.003704778860207294,0.0032806955125550207,7.0,0.003492737186381157
296,,7.0,7.0,,0.0037465120492025205,0.0033693269903168183,7.0,0.0035579195197596694
297,,7.0,7.0,,0.003795528357288875,0.00331917047832503,7.0,0.0035573494178069527
298,,7.0,7.0,,0.0037783890718438838,0.0030662207975020337,7.0,0.003422304934672959
299,,7.0,7.0,,0.0037272610620542324,0.0032510187160583104,7.0,0.0034891398890562714
300,,7.0,7.0,,0.003750978269932963,0.0032981239361435503,7.0,0.0035245511030382566
301,,7.0,7.0,,0.00368559185618181,0.0034068050862281697,7.0,0.00354619847120499
302,,7.0,7.0,,0.0037157780395029737,0.003831637625210943,7.0,0.0037737078323569584
303,,7.0,7.0,,0.0036722218430960607,0.004103873661571653,7.0,0.003888047752333857
304,,7.0,7.0,,0.0036533225203789943,0.004295488200076383,7.0,0.003974405360227688
305,,7.0,7.0,,0.0036539752355508382,0.003733331739727619,7.0,0.0036936534876392283
306,,7.0,7.0,,0.0036610878874027163,0.003490160927525029,7.0,0.003575624407463873
307,,7.0,7.0,,0.0036534714040148226,0.0033822129290954706,7.0,0.0035178421665551466
308,,7.0,7.0,,0.003712451783105832,0.003270793267092457,7.0,0.0034916225250991445
309,,7.0,7.0,,0.003722258793799739,0.003115752239900309,7.0,0.003419005516850024
310,,7.0,7.0,,0.003731282988207508,0.003109104671165224,7.0,0.003420193829686366
311,,7.0,7.0,,0.0037440882350818177,0.0030546782243686733,7.0,0.0033993832297252455
312,,7.0,7.0,,0.00367651852287057,0.0029727149704167014,7.0,0.0033246167466436357
313,,7.0,7.0,,0.0036562905044732986,0.00295457061051873,7.0,0.0033054305574960145
314,,7.0,7.0,,0.0036222531932207608,0.0029628272414426947,7.0,0.0032925402173317278
315,,7.0,7.0,,0.003598895071672633,0.002939693139112736,7.0,0.0032692941053926844
316,,7.0,7.0,,0.0036231969403337848,0.0030219765249263914,7.0,0.0033225867326300883
317,,7.0,7.0,,0.0036424395046854297,0.0030447736075717596,7.0,0.0033436065561285944
318,,7.0,7.0,,0.0036113451095043897,0.0030115350471088317,7.0,0.003311440078306611
319,,7.0,7.0,,0.0035994358920901836,0.003044848666488128,7.0,0.0033221422792891558
320,,7.0,7.0,,0.0036622256473183555,0.003032160728062293,7.0,0.0033471931876903243
321,,7.0,7.0,,0.0036172371908656997,0.0030061558371902576,7.0,0.0033116965140279784
322,,7.0,7.0,,0.0036258707140039235,0.0030681009199678,7.0,0.003346985816985862
323,,7.0,7.0,,0.0036321462054947564,0.002985528193929518,7.0,0.0033088371997121373
324,,7.0,7.0,,0.003644195911534858,0.002921537309529565,7.0,0.0032828666105322113
325,,7.0,7.0,,0.0036633419644465886,0.0029005501428028607,7.0,0.0032819460536247244
326,,7.0,7.0,,0.0037137748939029725,0.0028288797164863714,7.0,0.0032713273051946717
327,,7.0,7.0,,0.003697313424633312,0.0028001905251342414,7.0,0.0032487519748837764
328,,7.0,7.0,,0.0036818569333288585,0.0027953506542086953,7.0,0.003238603793768777
329,,7.0,7.0,,0.003671305607313674,0.0027990161308995678,7.0,0.003235160869106621
330,,7.0,7.0,,0.0036430617229743566,0.002786599011420803,7.0,0.0032148303671975798
331,,7.0,7.0,,0.0036530640453192433,0.002812951896019318,7.0,0.0032330079706692806
332,,7.0,7.0,,0.003711381685400814,0.002818567983555005,7.0,0.0032649748344779094
333,,7.0,7.0,,0.0036879156518662202,0.002780851260827493,7.0,0.0032343834563468565
334,,7.0,7.0,,0.003692406017491639,0.002858914332697588,7.0,0.0032756601750946134
335,,7.0,7.0,,0.003727082613745788,0.002835241148185201,7.0,0.0032811618809654945
336,,7.0,7.0,,0.0036967348734217222,0.0028294777846020734,7.0,0.0032631063290118976
337,,7.0,7.0,,0.003709668637477903,0.002854562098841112,7.0,0.0032821153681595076
338,,7.0,7.0,,0.0037249868395906748,0.002855939056559342,7.0,0.0032904629480750083
339,,7.0,7.0,,0.0037541075760248975,0.002849983358775946,7.0,0.0033020454674004217
340,,7.0,7.0,,0.0038166960206113686,0.002861033706812849,7.0,0.0033388648637121088
341,,7.0,7.0,,0.003790807518063447,0.002861793768657565,7.0,0.0033263006433605063
342,,7.0,7.0,,0.003682754116403506,0.002896135528931979,7.0,0.003289444822667743
343,,7.0,7.0,,0.003693713595907834,0.0028726937365803253,7.0,0.0032832036662440796
344,,7.0,7.0,,0.0037079854164879834,0.0028508648080058418,7.0,0.0032794251122469126
345,,7.0,7.0,,0.003741883129255935,0.0028790647573560878,7.0,0.0033104739433060114
346,,7.0,7.0,,0.003635452768567209,0.0028370689348730304,7.0,0.0032362608517201197
347,,7.0,7.0,,0.003618482252904914,0.0028473903298729154,7.0,0.003232936291388915
348,,7.0,7.0,,0.0036160660325090105,0.0028788571724294044,7.0,0.0032474616024692074
349,,7.0,7.0,,0.0036683625046997335,0.0028873780780952507,7.0,0.003277870291397492
350,,7.0,7.0,,0.003694851768654841,0.0029085761765801532,7.0,0.0033017139726174973
351,,7.0,7.0,,0.003694132752503837,0.0030280387103352015,7.0,0.0033610857314195193
352,,7.0,7.0,,0.003662898861104422,0.0028677868658170402,7.0,0.003265342863460731
353,,7.0,7.0,,0.003710819138086298,0.0028142986669682456,7.0,0.0032625589025272717
354,,7.0,7.0,,0.0036983855113480696,0.002854042070242424,7.0,0.003276213790795247
355,,7.0,7.0,,0.003707850808330978,0.0028965417955665682,7.0,0.003302196301948773
356,,7.0,7.0,,0.0037515534724592674,0.002920540569836467,7.0,0.0033360470211478673
357,,7.0,7.0,,0.00382625712634503,0.0029327060320364184,7.0,0.003379481579190724
358,,7.0,7.0,,0.0037804996701680826,0.0029501777357714837,7.0,0.003365338702969783
359,,7.0,7.0,,0.0037842777170403806,0.0029791979944787826,7.0,0.0033817378557595814
360,,7.0,7.0,,0.0037700879897259727,0.0029232550785927504,7.0,0.0033466715341593616
361,,7.0,7.0,,0.0037653453248011324,0.002976611686997998,7.0,0.0033709785058995655
362,,7.0,7.0,,0.0037473795278606557,0.002821097618563898,7.0,0.0032842385732122768
363,,7.0,7.0,,0.003827771476073037,0.002893663338838032,7.0,0.0033607174074555346
364,,7.0,7.0,,0.003918168005839195,0.0029085552062365926,7.0,0.0034133616060378937
365,,7.0,7.0,,0.0038556042501852843,0.0028612745400182905,7.0,0.0033584393951017876
366,,7.0,7.0,,0.003810383859170949,0.00291501494188212,7.0,0.0033626994005265345
367,,7.0,7.0,,0.003722519247557189,0.003047661563865671,7.0,0.00338509040571143
368,,7.0,7.0,,0.0036658182061928457,0.0030512973282636833,7.0,0.0033585577672282643
369,,7.0,7.0,,0.003707153261925914,0.003017997414816511,7.0,0.0033625753383712126
370,,7.0,7.0,,0.0038392354841736346,0.003055478660325851,7.0,0.003447357072249743
371,,7.0,7.0,,0.0038446389880205313,0.003117765848197124,7.0,0.0034812024181088276
372,,7.0,7.0,,0.0038107637708905107,0.002977286445842067,7.0,0.0033940251083662888
373,,7.0,7.0,,0.0037370100855704936,0.0029619430387671265,7.0,0.0033494765621688103
374,,7.0,7.0,,0.0038507760203332175,0.0029006070506921965,7.0,0.003375691535512707
375,,7.0,7.0,,0.0038648246068485126,0.0028813008700377786,7.0,0.0033730627384431456
376,,7.0,7.0,,0.003771668814196485,0.002882285699093606,7.0,0.0033269772566450456
377,,7.0,7.0,,0.003816504872246712,0.002891994239612495,7.0,0.0033542495559296037
378,,7.0,7.0,,0.0038053356781250843,0.002909796537808077,7.0,0.0033575661079665803
379,,7.0,7.0,,0.003800971714163146,0.00287529186528032,7.0,0.0033381317897217327
380,,7.0,7.0,,0.003910614761352122,0.002891986943592781,7.0,0.0034013008524724515
381,,7.0,7.0,,0.0038705387529269176,0.002878578767688086,7.0,0.0033745587603075016
382,,7.0,7.0,,0.0038428246796918266,0.0028817399264284087,7.0,0.0033622823030601177
383,,7.0,7.0,,0.003852801574627586,0.003004201009182001,7.0,0.0034285012919047933
384,,7.0,7.0,,0.003930653517840611,0.003025078263325471,7.0,0.0034778658905830406
385,,7.0,7.0,,0.003962953687343563,0.002977432792625897,7.0,0.00347019323998473
386,,7.0,7.0,,0.003974749385585774,0.0029578630500382993,7.0,0.0034663062178120364
387,,7.0,7.0,,0.0039110797593032605,0.002949378767464041,7.0,0.0034302292633836507
388,,7.0,7.0,,0.003939778878022799,0.002928527167851878,7.0,0.0034341530229373383
389,,7.0,7.0,,0.004081571844646732,0.003018713410755951,7.0,0.0035501426277013415
390,,7.0,7.0,,0.004048196064425615,0.00307162830912553,7.0,0.0035599121867755726
391,,7.0,7.0,,0.0039384623658884205,0.0030898135826714535,7.0,0.0035141379742799368
392,,7.0,7.0,,0.00383673324018521,0.0030618735645817395,7.0,0.0034493034023834745
393,,7.0,7.0,,0.003785928329535671,0.002942476300194743,7.0,0.003364202314865207
394,,7.0,7.0,,0.0037324021366250616,0.0029205550552470266,7.0,0.0033264785959360443
395,,7.0,7.0,,0.0036551420906404857,0.0029255913844291053,7.0,0.0032903667375347957
396,,7.0,7.0,,0.003667861305310587,0.002963325531150357,7.0,0.003315593418230472
397,,7.0,7.0,,0.0036885538351803327,0.002925193897413493,7.0,0.0033068738662969128
398,,7.0,7.0,,0.003739838019664037,0.0029458738796841544,7.0,0.003342855949674096
399,,7.0,7.0,,0.0036885932591595562,0.0029465664184195094,7.0,0.003317579838789533
