,CB_0,CB_1,TMSE_0,TMSE_1,mean_CB,mean_TMSE
0,1,1,1.0518401282578203,1.0518401282578203,1.0,1.0518401282578203
1,1,1,1.052937339278559,1.052937339278559,1.0,1.052937339278559
2,2,2,1.0535457471127838,1.0535457471127838,2.0,1.0535457471127838
3,4,4,1.0503338480427227,1.0503338480427227,4.0,1.0503338480427227
4,6,6,1.0369939767769552,1.0369939767769552,6.0,1.0369939767769552
5,10,10,0.9897266635362303,0.9897266635362303,10.0,0.9897266635362303
6,15,15,0.8608897605250075,0.8608897605250075,15.0,0.8608897605250075
7,20,20,0.7901920084709334,0.7901920084709334,20.0,0.7901920084709334
8,23,23,0.7786156740685195,0.7786156740685195,23.0,0.7786156740685195
9,28,28,0.7648104476230242,0.7648104476230242,28.0,0.7648104476230242
10,33,33,0.7508213288319839,0.7508213288319839,33.0,0.7508213288319839
11,38,38,0.6429052277749715,0.6429052277749715,38.0,0.6429052277749715
12,41,41,0.49202134458567004,0.49202134458567004,41.0,0.49202134458567004
13,41,41,0.4000753811788783,0.4000753811788783,41.0,0.4000753811788783
14,43,43,0.3800544862632369,0.3800544862632369,43.0,0.3800544862632369
15,45,45,0.38126749423607864,0.38126749423607864,45.0,0.38126749423607864
16,47,47,0.3810600044395987,0.3810600044395987,47.0,0.3810600044395987
17,48,48,0.37966592016043704,0.37966592016043704,48.0,0.37966592016043704
18,48,48,0.3782574165646871,0.3782574165646871,48.0,0.3782574165646871
19,48,48,0.37722163715190016,0.37722163715190016,48.0,0.37722163715190016
20,48,48,0.3765949719896837,0.3765949719896837,48.0,0.3765949719896837
21,49,49,0.376135048952833,0.376135048952833,49.0,0.376135048952833
22,50,50,0.3752721356465447,0.3752721356465447,50.0,0.3752721356465447
23,50,50,0.36500397254067096,0.36500397254067096,50.0,0.36500397254067096
24,52,52,0.30200476848967006,0.30200476848967006,52.0,0.30200476848967006
25,54,54,0.19113450118608927,0.19113450118608927,54.0,0.19113450118608927
26,55,55,0.13273300053011985,0.13273300053011985,55.0,0.13273300053011985
27,57,57,0.1267676785470243,0.1267676785470243,57.0,0.1267676785470243
28,60,60,0.12076450363936057,0.12076450363936057,60.0,0.12076450363936057
29,60,60,0.11703422425596947,0.11703422425596947,60.0,0.11703422425596947
30,62,62,0.11743506501074279,0.11743506501074279,62.0,0.11743506501074279
31,63,63,0.11712002949719771,0.11712002949719771,63.0,0.11712002949719771
32,64,64,0.11638413349473194,0.11638413349473194,64.0,0.11638413349473194
33,64,64,0.11585018321407528,0.11585018321407528,64.0,0.11585018321407528
34,64,64,0.11556216392551302,0.11556216392551302,64.0,0.11556216392551302
35,64,64,0.11542807256783412,0.11542807256783412,64.0,0.11542807256783412
36,64,64,0.11537297732197992,0.11537297732197992,64.0,0.11537297732197992
37,64,64,0.11536125872092402,0.11536125872092402,64.0,0.11536125872092402
38,64,64,0.1153619813685739,0.1153619813685739,64.0,0.1153619813685739
39,64,64,0.1152628220258514,0.1152628220258514,64.0,0.1152628220258514
40,64,64,0.1141934269289388,0.1141934269289388,64.0,0.1141934269289388
41,64,64,0.10774570708727278,0.10774570708727278,64.0,0.10774570708727278
42,64,64,0.08933654179006932,0.08933654179006932,64.0,0.08933654179006932
43,66,66,0.06903876932988229,0.06903876932988229,66.0,0.06903876932988229
44,68,68,0.06365378723187703,0.06365378723187703,68.0,0.06365378723187703
45,73,73,0.06067034717676871,0.06067034717676871,73.0,0.06067034717676871
46,78,78,0.05998678842294163,0.05998678842294163,78.0,0.05998678842294163
47,83,83,0.05874297747403922,0.05874297747403922,83.0,0.05874297747403922
48,86,86,0.059387543314859785,0.059387543314859785,86.0,0.059387543314859785
49,86,86,0.05942541482264854,0.05942541482264854,86.0,0.05942541482264854
50,87,87,0.058623284797940114,0.058623284797940114,87.0,0.058623284797940114
51,88,88,0.05795733575567653,0.05795733575567653,88.0,0.05795733575567653
52,88,88,0.05810875215808044,0.05810875215808044,88.0,0.05810875215808044
53,88,88,0.059134464830499285,0.059134464830499285,88.0,0.059134464830499285
54,88,88,0.060451700499181096,0.060451700499181096,88.0,0.060451700499181096
55,88,88,0.06164313154754078,0.06164313154754078,88.0,0.06164313154754078
56,88,88,0.06279680113106352,0.06279680113106352,88.0,0.06279680113106352
57,88,88,0.0636635725901038,0.0636635725901038,88.0,0.0636635725901038
58,88,88,0.06381958580221468,0.06381958580221468,88.0,0.06381958580221468
59,88,88,0.06339781283428443,0.06339781283428443,88.0,0.06339781283428443
60,88,88,0.06283318116729135,0.06283318116729135,88.0,0.06283318116729135
61,88,88,0.0623546639393643,0.0623546639393643,88.0,0.0623546639393643
62,88,88,0.06203745613753151,0.06203745613753151,88.0,0.06203745613753151
63,88,88,0.061860471960795166,0.061860471960795166,88.0,0.061860471960795166
64,88,88,0.06179239025205797,0.06179239025205797,88.0,0.06179239025205797
65,88,88,0.06191054117133157,0.06191054117133157,88.0,0.06191054117133157
66,88,88,0.06203887033425612,0.06203887033425612,88.0,0.06203887033425612
67,88,88,0.06193578648178508,0.06193578648178508,88.0,0.06193578648178508
68,89,89,0.062254012428756215,0.062254012428756215,89.0,0.062254012428756215
69,89,89,0.0636022145483572,0.0636022145483572,89.0,0.0636022145483572
70,89,89,0.0646752832173154,0.0646752832173154,89.0,0.0646752832173154
71,89,89,0.06499582683335549,0.06499582683335549,89.0,0.06499582683335549
72,89,89,0.06493586758865198,0.06493586758865198,89.0,0.06493586758865198
73,89,89,0.06486001165285311,0.06486001165285311,89.0,0.06486001165285311
74,89,89,0.06479479287969632,0.06479479287969632,89.0,0.06479479287969632
75,89,89,0.06467616517624324,0.06467616517624324,89.0,0.06467616517624324
76,89,89,0.0645423729995181,0.0645423729995181,89.0,0.0645423729995181
77,89,89,0.06436173570379065,0.06436173570379065,89.0,0.06436173570379065
78,89,89,0.06388521355898784,0.06388521355898784,89.0,0.06388521355898784
79,89,89,0.06231400580545017,0.06231400580545017,89.0,0.06231400580545017
80,89,89,0.05945569774426447,0.05945569774426447,89.0,0.05945569774426447
81,90,90,0.05857249769504397,0.05857249769504397,90.0,0.05857249769504397
82,90,90,0.06041484186708142,0.06041484186708142,90.0,0.06041484186708142
83,90,90,0.061586171725245255,0.061586171725245255,90.0,0.061586171725245255
84,90,90,0.06180200937171532,0.06180200937171532,90.0,0.06180200937171532
85,90,90,0.06180491536493582,0.06180491536493582,90.0,0.06180491536493582
86,90,90,0.06179708260266195,0.06179708260266195,90.0,0.06179708260266195
87,90,90,0.061798641723897096,0.061798641723897096,90.0,0.061798641723897096
88,90,90,0.06180056784551595,0.06180056784551595,90.0,0.06180056784551595
89,90,90,0.06180744909708952,0.06180744909708952,90.0,0.06180744909708952
90,90,90,0.06176376596896832,0.06176376596896832,90.0,0.06176376596896832
91,90,90,0.061306696409061646,0.061306696409061646,90.0,0.061306696409061646
92,90,90,0.0589079558240862,0.0589079558240862,90.0,0.0589079558240862
93,90,90,0.05016497042041317,0.05016497042041317,90.0,0.05016497042041317
94,90,90,0.04270071408512604,0.04270071408512604,90.0,0.04270071408512604
95,90,90,0.043637382515237515,0.043637382515237515,90.0,0.043637382515237515
96,90,90,0.04389555718074103,0.04389555718074103,90.0,0.04389555718074103
97,90,90,0.04348957097675263,0.04348957097675263,90.0,0.04348957097675263
98,90,90,0.04318457019158586,0.04318457019158586,90.0,0.04318457019158586
99,90,90,0.043358197290635225,0.043358197290635225,90.0,0.043358197290635225
100,90,90,0.04360120151521488,0.04360120151521488,90.0,0.04360120151521488
101,90,90,0.04368554227906576,0.04368554227906576,90.0,0.04368554227906576
102,90,90,0.043630235101103663,0.043630235101103663,90.0,0.043630235101103663
103,90,90,0.04343897373138164,0.04343897373138164,90.0,0.04343897373138164
104,91,91,0.04315281596792813,0.04315281596792813,91.0,0.04315281596792813
105,91,91,0.04293398193891724,0.04293398193891724,91.0,0.04293398193891724
106,91,91,0.043164019826274665,0.043164019826274665,91.0,0.043164019826274665
107,91,91,0.04321732573582624,0.04321732573582624,91.0,0.04321732573582624
108,91,91,0.03895337360314733,0.03895337360314733,91.0,0.03895337360314733
109,94,94,0.025240899403954808,0.025240899403954808,94.0,0.025240899403954808
110,96,96,0.026526364428533792,0.026526364428533792,96.0,0.026526364428533792
111,99,99,0.020978048573223454,0.020978048573223454,99.0,0.020978048573223454
112,102,102,0.018994316706509043,0.018994316706509043,102.0,0.018994316706509043
113,105,105,0.01861502607915243,0.01861502607915243,105.0,0.01861502607915243
114,106,106,0.019075096941536238,0.019075096941536238,106.0,0.019075096941536238
115,106,106,0.018926259982025552,0.018926259982025552,106.0,0.018926259982025552
116,106,106,0.018847024821806654,0.018847024821806654,106.0,0.018847024821806654
117,106,106,0.01884471823781899,0.01884471823781899,106.0,0.01884471823781899
118,107,107,0.018792734830119485,0.018792734830119485,107.0,0.018792734830119485
119,108,108,0.018587209838094806,0.018587209838094806,108.0,0.018587209838094806
120,110,110,0.018091014657702867,0.018091014657702867,110.0,0.018091014657702867
121,112,112,0.01739735019846759,0.01739735019846759,112.0,0.01739735019846759
122,112,112,0.016918337683332067,0.016918337683332067,112.0,0.016918337683332067
123,113,113,0.01684625095596908,0.01684625095596908,113.0,0.01684625095596908
124,116,116,0.017040958375773338,0.017040958375773338,116.0,0.017040958375773338
125,118,118,0.01716086195550979,0.01716086195550979,118.0,0.01716086195550979
126,120,120,0.01718955339044343,0.01718955339044343,120.0,0.01718955339044343
127,121,121,0.017230136419196906,0.017230136419196906,121.0,0.017230136419196906
128,121,121,0.01725672406503398,0.01725672406503398,121.0,0.01725672406503398
129,121,121,0.017247062924537534,0.017247062924537534,121.0,0.017247062924537534
130,121,121,0.017222685162729026,0.017222685162729026,121.0,0.017222685162729026
131,121,121,0.017170879665707593,0.017170879665707593,121.0,0.017170879665707593
132,121,121,0.01708105034313444,0.01708105034313444,121.0,0.01708105034313444
133,121,121,0.016917383946443626,0.016917383946443626,121.0,0.016917383946443626
134,121,121,0.016571065648175468,0.016571065648175468,121.0,0.016571065648175468
135,122,122,0.015888667073788786,0.015888667073788786,122.0,0.015888667073788786
136,124,124,0.015436255234979206,0.015436255234979206,124.0,0.015436255234979206
137,126,126,0.015342383540033684,0.015342383540033684,126.0,0.015342383540033684
138,126,126,0.015419863100330111,0.015419863100330111,126.0,0.015419863100330111
139,126,126,0.015431525336915415,0.015431525336915415,126.0,0.015431525336915415
140,128,128,0.015419046861813699,0.015419046861813699,128.0,0.015419046861813699
141,129,129,0.01541675448462422,0.01541675448462422,129.0,0.01541675448462422
142,129,129,0.015395941912669818,0.015395941912669818,129.0,0.015395941912669818
143,129,129,0.015378900689877614,0.015378900689877614,129.0,0.015378900689877614
144,129,129,0.01534297272349567,0.01534297272349567,129.0,0.01534297272349567
145,129,129,0.015298429411844547,0.015298429411844547,129.0,0.015298429411844547
146,129,129,0.015334413740495599,0.015334413740495599,129.0,0.015334413740495599
147,129,129,0.0156649327695971,0.0156649327695971,129.0,0.0156649327695971
148,129,129,0.016205687819130208,0.016205687819130208,129.0,0.016205687819130208
149,129,129,0.014703614470081608,0.014703614470081608,129.0,0.014703614470081608
150,129,129,0.012845860675777152,0.012845860675777152,129.0,0.012845860675777152
151,129,129,0.016223375368856055,0.016223375368856055,129.0,0.016223375368856055
152,129,129,0.01568078138583235,0.01568078138583235,129.0,0.01568078138583235
153,130,130,0.01169351898879059,0.01169351898879059,130.0,0.01169351898879059
154,130,130,0.011152862862747947,0.011152862862747947,130.0,0.011152862862747947
155,130,130,0.011160109141247633,0.011160109141247633,130.0,0.011160109141247633
156,130,130,0.011285645243592162,0.011285645243592162,130.0,0.011285645243592162
157,130,130,0.011314300296680352,0.011314300296680352,130.0,0.011314300296680352
158,130,130,0.011318626403860565,0.011318626403860565,130.0,0.011318626403860565
159,130,130,0.011306864642989694,0.011306864642989694,130.0,0.011306864642989694
160,130,130,0.011279785094880219,0.011279785094880219,130.0,0.011279785094880219
161,130,130,0.011263352306692292,0.011263352306692292,130.0,0.011263352306692292
162,130,130,0.011286010990588022,0.011286010990588022,130.0,0.011286010990588022
163,130,130,0.011288009285230811,0.011288009285230811,130.0,0.011288009285230811
164,131,131,0.011303872101839484,0.011303872101839484,131.0,0.011303872101839484
165,131,131,0.011392038543034713,0.011392038543034713,131.0,0.011392038543034713
166,131,131,0.01151322510527406,0.01151322510527406,131.0,0.01151322510527406
167,131,131,0.011592868547185007,0.011592868547185007,131.0,0.011592868547185007
168,131,131,0.011616261264448148,0.011616261264448148,131.0,0.011616261264448148
169,131,131,0.011603847274986565,0.011603847274986565,131.0,0.011603847274986565
170,131,131,0.011599289752570172,0.011599289752570172,131.0,0.011599289752570172
171,131,131,0.011598657379454345,0.011598657379454345,131.0,0.011598657379454345
172,131,131,0.01160675916818728,0.01160675916818728,131.0,0.01160675916818728
173,131,131,0.01161356457657909,0.01161356457657909,131.0,0.01161356457657909
174,131,131,0.011618244743814222,0.011618244743814222,131.0,0.011618244743814222
175,131,131,0.011617802505997185,0.011617802505997185,131.0,0.011617802505997185
176,131,131,0.011566297719207056,0.011566297719207056,131.0,0.011566297719207056
177,131,131,0.011435469523639092,0.011435469523639092,131.0,0.011435469523639092
178,131,131,0.01111232934976713,0.01111232934976713,131.0,0.01111232934976713
179,132,132,0.0106709147144586,0.0106709147144586,132.0,0.0106709147144586
180,134,134,0.01058317433503869,0.01058317433503869,134.0,0.01058317433503869
181,134,134,0.010563356369959167,0.010563356369959167,134.0,0.010563356369959167
182,135,135,0.010540936785096391,0.010540936785096391,135.0,0.010540936785096391
183,135,135,0.01015982417562484,0.01015982417562484,135.0,0.01015982417562484
184,135,135,0.009757619955801584,0.009757619955801584,135.0,0.009757619955801584
185,135,135,0.0096493624526683,0.0096493624526683,135.0,0.0096493624526683
186,135,135,0.009637826281836745,0.009637826281836745,135.0,0.009637826281836745
187,135,135,0.0096764601553251,0.0096764601553251,135.0,0.0096764601553251
188,135,135,0.009755746960218682,0.009755746960218682,135.0,0.009755746960218682
189,135,135,0.009736530380531466,0.009736530380531466,135.0,0.009736530380531466
190,135,135,0.008704284759685153,0.008704284759685153,135.0,0.008704284759685153
191,135,135,0.005798688926075105,0.005798688926075105,135.0,0.005798688926075105
192,135,135,0.004227581249651697,0.004227581249651697,135.0,0.004227581249651697
193,135,135,0.004434729380362431,0.004434729380362431,135.0,0.004434729380362431
194,135,135,0.004251502837478219,0.004251502837478219,135.0,0.004251502837478219
195,135,135,0.004102818048359539,0.004102818048359539,135.0,0.004102818048359539
196,135,135,0.004234673528588066,0.004234673528588066,135.0,0.004234673528588066
197,135,135,0.004371966354452936,0.004371966354452936,135.0,0.004371966354452936
198,135,135,0.004425373702784346,0.004425373702784346,135.0,0.004425373702784346
199,135,135,0.004415002082282673,0.004415002082282673,135.0,0.004415002082282673
200,135,135,0.0043644902794720665,0.0043644902794720665,135.0,0.0043644902794720665
201,136,136,0.004271140947005428,0.004271140947005428,136.0,0.004271140947005428
202,136,136,0.00415722512172258,0.00415722512172258,136.0,0.00415722512172258
203,136,136,0.003949904197102729,0.003949904197102729,136.0,0.003949904197102729
204,136,136,0.0037710826754097457,0.0037710826754097457,136.0,0.0037710826754097457
205,136,136,0.003845895799530721,0.003845895799530721,136.0,0.003845895799530721
206,136,136,0.0038365876846532367,0.0038365876846532367,136.0,0.0038365876846532367
207,137,137,0.0037982017310999316,0.0037982017310999316,137.0,0.0037982017310999316
208,137,137,0.0037027176252208893,0.0037027176252208893,137.0,0.0037027176252208893
209,137,137,0.0035881709677592394,0.0035881709677592394,137.0,0.0035881709677592394
210,137,137,0.0031371298220005174,0.0031371298220005174,137.0,0.0031371298220005174
211,137,137,0.0032043186796724328,0.0032043186796724328,137.0,0.0032043186796724328
212,137,137,0.0032662038834534697,0.0032662038834534697,137.0,0.0032662038834534697
213,137,137,0.0032817819269582034,0.0032817819269582034,137.0,0.0032817819269582034
214,137,137,0.003289417595848782,0.003289417595848782,137.0,0.003289417595848782
215,137,137,0.0032994946975574363,0.0032994946975574363,137.0,0.0032994946975574363
216,137,137,0.003310206481550288,0.003310206481550288,137.0,0.003310206481550288
217,137,137,0.0033122346347679954,0.0033122346347679954,137.0,0.0033122346347679954
218,137,137,0.0033098539800013264,0.0033098539800013264,137.0,0.0033098539800013264
219,137,137,0.003315206482549763,0.003315206482549763,137.0,0.003315206482549763
220,137,137,0.0033049372833527718,0.0033049372833527718,137.0,0.0033049372833527718
221,138,138,0.0033259944593242,0.0033259944593242,138.0,0.0033259944593242
222,138,138,0.0033632695399498902,0.0033632695399498902,138.0,0.0033632695399498902
223,140,140,0.003377506337023203,0.003377506337023203,140.0,0.003377506337023203
224,141,141,0.003345971224055963,0.003345971224055963,141.0,0.003345971224055963
225,141,141,0.0032791212767608723,0.0032791212767608723,141.0,0.0032791212767608723
226,143,143,0.0032453088781965343,0.0032453088781965343,143.0,0.0032453088781965343
227,144,144,0.0032366749812532784,0.0032366749812532784,144.0,0.0032366749812532784
228,144,144,0.0032398486652733816,0.0032398486652733816,144.0,0.0032398486652733816
229,144,144,0.003258872542732926,0.003258872542732926,144.0,0.003258872542732926
230,144,144,0.0032852317318057063,0.0032852317318057063,144.0,0.0032852317318057063
231,144,144,0.0033154865421429584,0.0033154865421429584,144.0,0.0033154865421429584
232,144,144,0.0034030590703733685,0.0034030590703733685,144.0,0.0034030590703733685
233,144,144,0.003462270993293649,0.003462270993293649,144.0,0.003462270993293649
234,144,144,0.0034268445050701347,0.0034268445050701347,144.0,0.0034268445050701347
235,144,144,0.0034751253212174636,0.0034751253212174636,144.0,0.0034751253212174636
236,144,144,0.003587595578896682,0.003587595578896682,144.0,0.003587595578896682
237,144,144,0.0035262177360601598,0.0035262177360601598,144.0,0.0035262177360601598
238,144,144,0.0033477913773350305,0.0033477913773350305,144.0,0.0033477913773350305
239,144,144,0.003398877491814706,0.003398877491814706,144.0,0.003398877491814706
240,144,144,0.003474276427626458,0.003474276427626458,144.0,0.003474276427626458
241,144,144,0.0034970227966303422,0.0034970227966303422,144.0,0.0034970227966303422
242,144,144,0.0035159615828925708,0.0035159615828925708,144.0,0.0035159615828925708
243,144,144,0.0035306435743677135,0.0035306435743677135,144.0,0.0035306435743677135
244,144,144,0.0035485874038642283,0.0035485874038642283,144.0,0.0035485874038642283
245,144,144,0.0035719967529531603,0.0035719967529531603,144.0,0.0035719967529531603
246,144,144,0.003589181296515307,0.003589181296515307,144.0,0.003589181296515307
247,144,144,0.003594793944851117,0.003594793944851117,144.0,0.003594793944851117
248,144,144,0.003580281896027975,0.003580281896027975,144.0,0.003580281896027975
249,144,144,0.0035179474468319343,0.0035179474468319343,144.0,0.0035179474468319343
250,144,144,0.0034667733346187514,0.0034667733346187514,144.0,0.0034667733346187514
251,144,144,0.0034675661889904236,0.0034675661889904236,144.0,0.0034675661889904236
252,144,144,0.0034695769817593538,0.0034695769817593538,144.0,0.0034695769817593538
253,144,144,0.0034277194730056885,0.0034277194730056885,144.0,0.0034277194730056885
254,144,144,0.0031623204333370942,0.0031623204333370942,144.0,0.0031623204333370942
255,144,144,0.002991769081168985,0.002991769081168985,144.0,0.002991769081168985
256,144,144,0.0029795519999430684,0.0029795519999430684,144.0,0.0029795519999430684
257,144,144,0.0029807504649430284,0.0029807504649430284,144.0,0.0029807504649430284
258,144,144,0.002983136507921738,0.002983136507921738,144.0,0.002983136507921738
259,144,144,0.0029904340385062695,0.0029904340385062695,144.0,0.0029904340385062695
260,144,144,0.0029735094365242907,0.0029735094365242907,144.0,0.0029735094365242907
261,144,144,0.002961900261588746,0.002961900261588746,144.0,0.002961900261588746
262,144,144,0.0030921861646997866,0.0030921861646997866,144.0,0.0030921861646997866
263,144,144,0.003455189386994014,0.003455189386994014,144.0,0.003455189386994014
264,144,144,0.003538874726034759,0.003538874726034759,144.0,0.003538874726034759
265,144,144,0.0035134910644366245,0.0035134910644366245,144.0,0.0035134910644366245
266,144,144,0.0036417145294941238,0.0036417145294941238,144.0,0.0036417145294941238
267,144,144,0.003719152830301356,0.003719152830301356,144.0,0.003719152830301356
268,144,144,0.0037383809052170622,0.0037383809052170622,144.0,0.0037383809052170622
269,144,144,0.0037190572418697326,0.0037190572418697326,144.0,0.0037190572418697326
270,144,144,0.0036859760392326997,0.0036859760392326997,144.0,0.0036859760392326997
271,144,144,0.0036549285934039267,0.0036549285934039267,144.0,0.0036549285934039267
272,144,144,0.0036229952188696467,0.0036229952188696467,144.0,0.0036229952188696467
273,144,144,0.003544492612100951,0.003544492612100951,144.0,0.003544492612100951
274,144,144,0.0033004705005080463,0.0033004705005080463,144.0,0.0033004705005080463
275,144,144,0.003133858909532635,0.003133858909532635,144.0,0.003133858909532635
276,144,144,0.003180152586244091,0.003180152586244091,144.0,0.003180152586244091
277,144,144,0.0034529857041426283,0.0034529857041426283,144.0,0.0034529857041426283
278,144,144,0.003491213235514856,0.003491213235514856,144.0,0.003491213235514856
279,144,144,0.0034598820248907024,0.0034598820248907024,144.0,0.0034598820248907024
280,144,144,0.0033993831756890386,0.0033993831756890386,144.0,0.0033993831756890386
281,144,144,0.003452050770469768,0.003452050770469768,144.0,0.003452050770469768
282,144,144,0.003505682237446545,0.003505682237446545,144.0,0.003505682237446545
283,144,144,0.0035301950419511087,0.0035301950419511087,144.0,0.0035301950419511087
284,144,144,0.0035411283947525698,0.0035411283947525698,144.0,0.0035411283947525698
285,144,144,0.0035451345127063714,0.0035451345127063714,144.0,0.0035451345127063714
286,144,144,0.003550616488428018,0.003550616488428018,144.0,0.003550616488428018
287,144,144,0.003560129626034442,0.003560129626034442,144.0,0.003560129626034442
288,144,144,0.0035772164100479537,0.0035772164100479537,144.0,0.0035772164100479537
289,144,144,0.0035988408493810927,0.0035988408493810927,144.0,0.0035988408493810927
290,144,144,0.0036312807811575455,0.0036312807811575455,144.0,0.0036312807811575455
291,144,144,0.0036724829545620196,0.0036724829545620196,144.0,0.0036724829545620196
292,144,144,0.003717903891227563,0.003717903891227563,144.0,0.003717903891227563
293,144,144,0.003756290133593774,0.003756290133593774,144.0,0.003756290133593774
294,144,144,0.0038129779862535805,0.0038129779862535805,144.0,0.0038129779862535805
295,144,144,0.004197491164034471,0.004197491164034471,144.0,0.004197491164034471
296,145,145,0.004745846504824879,0.004745846504824879,145.0,0.004745846504824879
297,146,146,0.0048596349573739785,0.0048596349573739785,146.0,0.0048596349573739785
298,146,146,0.00483878585116892,0.00483878585116892,146.0,0.00483878585116892
299,146,146,0.004440039623608616,0.004440039623608616,146.0,0.004440039623608616
300,146,146,0.004413514055543278,0.004413514055543278,146.0,0.004413514055543278
301,146,146,0.004428625292641592,0.004428625292641592,146.0,0.004428625292641592
302,146,146,0.004532267809888996,0.004532267809888996,146.0,0.004532267809888996
303,146,146,0.0046353531389732834,0.0046353531389732834,146.0,0.0046353531389732834
304,146,146,0.004698463842714939,0.004698463842714939,146.0,0.004698463842714939
305,146,146,0.0047328483179890106,0.0047328483179890106,146.0,0.0047328483179890106
306,146,146,0.004753229757993579,0.004753229757993579,146.0,0.004753229757993579
307,146,146,0.004768406461051221,0.004768406461051221,146.0,0.004768406461051221
308,146,146,0.004782794648990864,0.004782794648990864,146.0,0.004782794648990864
309,146,146,0.004797552350830601,0.004797552350830601,146.0,0.004797552350830601
310,146,146,0.004811517297121624,0.004811517297121624,146.0,0.004811517297121624
311,146,146,0.004821944491017542,0.004821944491017542,146.0,0.004821944491017542
312,146,146,0.004826434599777152,0.004826434599777152,146.0,0.004826434599777152
313,146,146,0.004823978127754448,0.004823978127754448,146.0,0.004823978127754448
314,146,146,0.00481513372984383,0.00481513372984383,146.0,0.00481513372984383
315,146,146,0.004801723489530597,0.004801723489530597,146.0,0.004801723489530597
316,146,146,0.004786115937815113,0.004786115937815113,146.0,0.004786115937815113
317,146,146,0.0047720493846046255,0.0047720493846046255,146.0,0.0047720493846046255
318,146,146,0.004764420696800429,0.004764420696800429,146.0,0.004764420696800429
319,146,146,0.004765526948113953,0.004765526948113953,146.0,0.004765526948113953
320,146,146,0.0047753267723307236,0.0047753267723307236,146.0,0.0047753267723307236
321,146,146,0.004791145494289004,0.004791145494289004,146.0,0.004791145494289004
322,146,146,0.004809322821673769,0.004809322821673769,146.0,0.004809322821673769
323,146,146,0.004825223964741302,0.004825223964741302,146.0,0.004825223964741302
324,146,146,0.004834094607250709,0.004834094607250709,146.0,0.004834094607250709
325,146,146,0.004833476604935704,0.004833476604935704,146.0,0.004833476604935704
326,146,146,0.004823622339654653,0.004823622339654653,146.0,0.004823622339654653
327,146,146,0.004806447575731966,0.004806447575731966,146.0,0.004806447575731966
328,146,146,0.004784644916745612,0.004784644916745612,146.0,0.004784644916745612
329,146,146,0.004762040966333076,0.004762040966333076,146.0,0.004762040966333076
330,146,146,0.0047468610095448135,0.0047468610095448135,146.0,0.0047468610095448135
331,146,146,0.004743757693755231,0.004743757693755231,146.0,0.004743757693755231
332,146,146,0.00475324003901215,0.00475324003901215,146.0,0.00475324003901215
333,146,146,0.004773304759000775,0.004773304759000775,146.0,0.004773304759000775
334,146,146,0.0047983859931985855,0.0047983859931985855,146.0,0.0047983859931985855
335,146,146,0.004823359335000024,0.004823359335000024,146.0,0.004823359335000024
336,146,146,0.004840045028779865,0.004840045028779865,146.0,0.004840045028779865
337,146,146,0.004843402721542984,0.004843402721542984,146.0,0.004843402721542984
338,146,146,0.004833425824748005,0.004833425824748005,146.0,0.004833425824748005
339,146,146,0.004812840514457785,0.004812840514457785,146.0,0.004812840514457785
340,146,146,0.004784560244449845,0.004784560244449845,146.0,0.004784560244449845
341,146,146,0.004750509246360104,0.004750509246360104,146.0,0.004750509246360104
342,146,146,0.0047230135516726805,0.0047230135516726805,146.0,0.0047230135516726805
343,146,146,0.004711834418718028,0.004711834418718028,146.0,0.004711834418718028
344,146,146,0.004719498902179254,0.004719498902179254,146.0,0.004719498902179254
345,146,146,0.00474144030168495,0.00474144030168495,146.0,0.00474144030168495
346,146,146,0.004774191940311455,0.004774191940311455,146.0,0.004774191940311455
347,146,146,0.0048108534445424015,0.0048108534445424015,146.0,0.0048108534445424015
348,146,146,0.0048396045929693585,0.0048396045929693585,146.0,0.0048396045929693585
349,146,146,0.0048497656589365674,0.0048497656589365674,146.0,0.0048497656589365674
350,146,146,0.004840406965340612,0.004840406965340612,146.0,0.004840406965340612
351,146,146,0.0048166394376996735,0.0048166394376996735,146.0,0.0048166394376996735
352,146,146,0.004782577392087662,0.004782577392087662,146.0,0.004782577392087662
353,146,146,0.004736839935961863,0.004736839935961863,146.0,0.004736839935961863
354,146,146,0.004690240976453035,0.004690240976453035,146.0,0.004690240976453035
355,146,146,0.004665597392517877,0.004665597392517877,146.0,0.004665597392517877
356,146,146,0.004672155612905269,0.004672155612905269,146.0,0.004672155612905269
357,146,146,0.00469590988251529,0.00469590988251529,146.0,0.00469590988251529
358,146,146,0.004731087001830266,0.004731087001830266,146.0,0.004731087001830266
359,146,146,0.004778818319319748,0.004778818319319748,146.0,0.004778818319319748
360,146,146,0.004823870305590877,0.004823870305590877,146.0,0.004823870305590877
361,146,146,0.0048436008238745476,0.0048436008238745476,146.0,0.0048436008238745476
362,146,146,0.004836438385137527,0.004836438385137527,146.0,0.004836438385137527
363,146,146,0.004811433692397257,0.004811433692397257,146.0,0.004811433692397257
364,146,146,0.0047725715987060454,0.0047725715987060454,146.0,0.0047725715987060454
365,146,146,0.004721724917772586,0.004721724917772586,146.0,0.004721724917772586
366,146,146,0.004653017678373744,0.004653017678373744,146.0,0.004653017678373744
367,146,146,0.004600497368817886,0.004600497368817886,146.0,0.004600497368817886
368,146,146,0.004606490798822186,0.004606490798822186,146.0,0.004606490798822186
369,146,146,0.004648595507647383,0.004648595507647383,146.0,0.004648595507647383
370,146,146,0.004679845853463494,0.004679845853463494,146.0,0.004679845853463494
371,146,146,0.004726920281286823,0.004726920281286823,146.0,0.004726920281286823
372,146,146,0.004791576430184296,0.004791576430184296,146.0,0.004791576430184296
373,146,146,0.004830554272603834,0.004830554272603834,146.0,0.004830554272603834
374,146,146,0.004830312158557148,0.004830312158557148,146.0,0.004830312158557148
375,146,146,0.004803898017694223,0.004803898017694223,146.0,0.004803898017694223
376,146,146,0.004763155905132166,0.004763155905132166,146.0,0.004763155905132166
377,146,146,0.004717235016962101,0.004717235016962101,146.0,0.004717235016962101
378,146,146,0.004644091936195497,0.004644091936195497,146.0,0.004644091936195497
379,146,146,0.004538780062494503,0.004538780062494503,146.0,0.004538780062494503
380,146,146,0.004504986996156887,0.004504986996156887,146.0,0.004504986996156887
381,146,146,0.0046016243264146274,0.0046016243264146274,146.0,0.0046016243264146274
382,146,146,0.004681668054271976,0.004681668054271976,146.0,0.004681668054271976
383,146,146,0.004676758345913199,0.004676758345913199,146.0,0.004676758345913199
384,146,146,0.0047368051000263554,0.0047368051000263554,146.0,0.0047368051000263554
385,146,146,0.004808602085472685,0.004808602085472685,146.0,0.004808602085472685
386,146,146,0.004830906115228899,0.004830906115228899,146.0,0.004830906115228899
387,146,146,0.004820762752580022,0.004820762752580022,146.0,0.004820762752580022
388,146,146,0.004790953216535554,0.004790953216535554,146.0,0.004790953216535554
389,146,146,0.004750815274461115,0.004750815274461115,146.0,0.004750815274461115
390,146,146,0.004705573651943372,0.004705573651943372,146.0,0.004705573651943372
391,146,146,0.004607546747729742,0.004607546747729742,146.0,0.004607546747729742
392,146,146,0.004436044325237395,0.004436044325237395,146.0,0.004436044325237395
393,146,146,0.004417806445602277,0.004417806445602277,146.0,0.004417806445602277
394,146,146,0.004702143415819188,0.004702143415819188,146.0,0.004702143415819188
395,146,146,0.004890320064416221,0.004890320064416221,146.0,0.004890320064416221
396,146,146,0.004783177020123841,0.004783177020123841,146.0,0.004783177020123841
397,146,146,0.004844554345539539,0.004844554345539539,146.0,0.004844554345539539
398,146,146,0.004896591624696566,0.004896591624696566,146.0,0.004896591624696566
399,146,146,0.004924087201245857,0.004924087201245857,146.0,0.004924087201245857
400,146,146,0.004932895328328077,0.004932895328328077,146.0,0.004932895328328077
401,146,146,0.004921807229144386,0.004921807229144386,146.0,0.004921807229144386
402,146,146,0.004904051578590187,0.004904051578590187,146.0,0.004904051578590187
403,146,146,0.00488038426840814,0.00488038426840814,146.0,0.00488038426840814
404,146,146,0.004855894440984316,0.004855894440984316,146.0,0.004855894440984316
405,146,146,0.004743405566767305,0.004743405566767305,146.0,0.004743405566767305
406,146,146,0.0044504890016940106,0.0044504890016940106,146.0,0.0044504890016940106
407,146,146,0.004269346340788304,0.004269346340788304,146.0,0.004269346340788304
408,146,146,0.004101861683808359,0.004101861683808359,146.0,0.004101861683808359
409,146,146,0.00429376431427708,0.00429376431427708,146.0,0.00429376431427708
410,146,146,0.004272611571213268,0.004272611571213268,146.0,0.004272611571213268
411,146,146,0.004179498471638427,0.004179498471638427,146.0,0.004179498471638427
412,146,146,0.004130440686131189,0.004130440686131189,146.0,0.004130440686131189
413,146,146,0.004181616502943217,0.004181616502943217,146.0,0.004181616502943217
414,146,146,0.004212176073577094,0.004212176073577094,146.0,0.004212176073577094
415,146,146,0.004220337572527636,0.004220337572527636,146.0,0.004220337572527636
416,146,146,0.004224639366492193,0.004224639366492193,146.0,0.004224639366492193
417,146,146,0.004230486853550553,0.004230486853550553,146.0,0.004230486853550553
418,146,146,0.004239718727932543,0.004239718727932543,146.0,0.004239718727932543
419,146,146,0.0042511764985334235,0.0042511764985334235,146.0,0.0042511764985334235
420,146,146,0.0042629699843623504,0.0042629699843623504,146.0,0.0042629699843623504
421,146,146,0.004270188042958241,0.004270188042958241,146.0,0.004270188042958241
422,146,146,0.004245856725698744,0.004245856725698744,146.0,0.004245856725698744
423,146,146,0.0041095615975835905,0.0041095615975835905,146.0,0.0041095615975835905
424,146,146,0.003888141656108275,0.003888141656108275,146.0,0.003888141656108275
425,146,146,0.003645520003672207,0.003645520003672207,146.0,0.003645520003672207
426,146,146,0.003572542016215471,0.003572542016215471,146.0,0.003572542016215471
427,146,146,0.0035611267622328562,0.0035611267622328562,146.0,0.0035611267622328562
428,146,146,0.0034632716740715286,0.0034632716740715286,146.0,0.0034632716740715286
429,146,146,0.003411356474468229,0.003411356474468229,146.0,0.003411356474468229
430,146,146,0.0034137728934436223,0.0034137728934436223,146.0,0.0034137728934436223
431,146,146,0.003415064171714813,0.003415064171714813,146.0,0.003415064171714813
432,146,146,0.003441694897840027,0.003441694897840027,146.0,0.003441694897840027
433,146,146,0.0035060382162018892,0.0035060382162018892,146.0,0.0035060382162018892
434,146,146,0.003566770094727467,0.003566770094727467,146.0,0.003566770094727467
435,146,146,0.003618049095375603,0.003618049095375603,146.0,0.003618049095375603
436,146,146,0.003748628067482088,0.003748628067482088,146.0,0.003748628067482088
437,146,146,0.0039064386954003015,0.0039064386954003015,146.0,0.0039064386954003015
438,146,146,0.003929492551233598,0.003929492551233598,146.0,0.003929492551233598
439,146,146,0.003951886768236628,0.003951886768236628,146.0,0.003951886768236628
440,146,146,0.003991030310999299,0.003991030310999299,146.0,0.003991030310999299
441,146,146,0.0039811672554310494,0.0039811672554310494,146.0,0.0039811672554310494
442,146,146,0.00394914995618037,0.00394914995618037,146.0,0.00394914995618037
443,146,146,0.003909584469645775,0.003909584469645775,146.0,0.003909584469645775
444,146,146,0.0038737327963826664,0.0038737327963826664,146.0,0.0038737327963826664
445,146,146,0.0038419357403702307,0.0038419357403702307,146.0,0.0038419357403702307
446,146,146,0.003808149528288411,0.003808149528288411,146.0,0.003808149528288411
447,146,146,0.0036947541077624046,0.0036947541077624046,146.0,0.0036947541077624046
448,146,146,0.0035921610639632136,0.0035921610639632136,146.0,0.0035921610639632136
449,146,146,0.0037919430643835674,0.0037919430643835674,146.0,0.0037919430643835674
450,146,146,0.004122992209183888,0.004122992209183888,146.0,0.004122992209183888
451,146,146,0.004054026116578239,0.004054026116578239,146.0,0.004054026116578239
452,146,146,0.00405379744981756,0.00405379744981756,146.0,0.00405379744981756
453,146,146,0.004105015947927766,0.004105015947927766,146.0,0.004105015947927766
454,146,146,0.004127037218095819,0.004127037218095819,146.0,0.004127037218095819
455,146,146,0.0041395677079536335,0.0041395677079536335,146.0,0.0041395677079536335
456,146,146,0.004136825051600426,0.004136825051600426,146.0,0.004136825051600426
457,146,146,0.004122526808206803,0.004122526808206803,146.0,0.004122526808206803
458,146,146,0.0041096837641564805,0.0041096837641564805,146.0,0.0041096837641564805
459,146,146,0.004099095193125461,0.004099095193125461,146.0,0.004099095193125461
460,146,146,0.004074787786319412,0.004074787786319412,146.0,0.004074787786319412
461,146,146,0.003921347160231732,0.003921347160231732,146.0,0.003921347160231732
462,146,146,0.003602745951523128,0.003602745951523128,146.0,0.003602745951523128
463,146,146,0.003244132466710159,0.003244132466710159,146.0,0.003244132466710159
464,146,146,0.0030916340425465737,0.0030916340425465737,146.0,0.0030916340425465737
465,146,146,0.0031567373650942467,0.0031567373650942467,146.0,0.0031567373650942467
466,146,146,0.0031477792076685385,0.0031477792076685385,146.0,0.0031477792076685385
467,146,146,0.00304196053850643,0.00304196053850643,146.0,0.00304196053850643
468,146,146,0.003039561140637314,0.003039561140637314,146.0,0.003039561140637314
469,146,146,0.003072532516422809,0.003072532516422809,146.0,0.003072532516422809
470,146,146,0.0030862147090607484,0.0030862147090607484,146.0,0.0030862147090607484
471,146,146,0.0030920698162676787,0.0030920698162676787,146.0,0.0030920698162676787
472,146,146,0.003096891168675653,0.003096891168675653,146.0,0.003096891168675653
473,146,146,0.003101979002939045,0.003101979002939045,146.0,0.003101979002939045
474,146,146,0.003106141495346108,0.003106141495346108,146.0,0.003106141495346108
475,146,146,0.0031077763123339773,0.0031077763123339773,146.0,0.0031077763123339773
476,146,146,0.0030990267221566664,0.0030990267221566664,146.0,0.0030990267221566664
477,146,146,0.0030387975143066543,0.0030387975143066543,146.0,0.0030387975143066543
478,146,146,0.00290393996864982,0.00290393996864982,146.0,0.00290393996864982
479,146,146,0.0027447771977379453,0.0027447771977379453,146.0,0.0027447771977379453
480,146,146,0.00270557812581864,0.00270557812581864,146.0,0.00270557812581864
481,146,146,0.0027048656020862254,0.0027048656020862254,146.0,0.0027048656020862254
482,146,146,0.0026892861365842868,0.0026892861365842868,146.0,0.0026892861365842868
483,146,146,0.0026495280680834516,0.0026495280680834516,146.0,0.0026495280680834516
484,146,146,0.0026318826009539744,0.0026318826009539744,146.0,0.0026318826009539744
485,146,146,0.002632690069051662,0.002632690069051662,146.0,0.002632690069051662
486,146,146,0.002635345058579164,0.002635345058579164,146.0,0.002635345058579164
487,146,146,0.002630530644128975,0.002630530644128975,146.0,0.002630530644128975
488,146,146,0.0026304970799093607,0.0026304970799093607,146.0,0.0026304970799093607
489,146,146,0.002641515460340416,0.002641515460340416,146.0,0.002641515460340416
490,146,146,0.0026594779991118526,0.0026594779991118526,146.0,0.0026594779991118526
491,146,146,0.00289432631068033,0.00289432631068033,146.0,0.00289432631068033
492,146,146,0.003313420073472497,0.003313420073472497,146.0,0.003313420073472497
493,147,147,0.0033128225520403713,0.0033128225520403713,147.0,0.0033128225520403713
494,147,147,0.0033124414420570166,0.0033124414420570166,147.0,0.0033124414420570166
495,147,147,0.0033366316157466313,0.0033366316157466313,147.0,0.0033366316157466313
496,147,147,0.0033504790103974415,0.0033504790103974415,147.0,0.0033504790103974415
497,147,147,0.0033608264677554155,0.0033608264677554155,147.0,0.0033608264677554155
498,147,147,0.003359943903446327,0.003359943903446327,147.0,0.003359943903446327
499,147,147,0.003347403252055259,0.003347403252055259,147.0,0.003347403252055259
500,147,147,0.0033308227657971846,0.0033308227657971846,147.0,0.0033308227657971846
501,147,147,0.0033266264321952814,0.0033266264321952814,147.0,0.0033266264321952814
502,147,147,0.0033340815818360924,0.0033340815818360924,147.0,0.0033340815818360924
503,147,147,0.0033289990702020443,0.0033289990702020443,147.0,0.0033289990702020443
504,147,147,0.0031715541373399108,0.0031715541373399108,147.0,0.0031715541373399108
505,147,147,0.002832705896798383,0.002832705896798383,147.0,0.002832705896798383
506,147,147,0.002405479939307394,0.002405479939307394,147.0,0.002405479939307394
507,147,147,0.002341922060014484,0.002341922060014484,147.0,0.002341922060014484
508,147,147,0.0024020728528824204,0.0024020728528824204,147.0,0.0024020728528824204
509,147,147,0.002336566060411892,0.002336566060411892,147.0,0.002336566060411892
510,147,147,0.002228357219662599,0.002228357219662599,147.0,0.002228357219662599
511,147,147,0.0022429805857467748,0.0022429805857467748,147.0,0.0022429805857467748
512,147,147,0.0022498001060235777,0.0022498001060235777,147.0,0.0022498001060235777
513,147,147,0.002250322128671418,0.002250322128671418,147.0,0.002250322128671418
514,147,147,0.0022502691300550354,0.0022502691300550354,147.0,0.0022502691300550354
515,147,147,0.0022506711433247723,0.0022506711433247723,147.0,0.0022506711433247723
516,147,147,0.0022533977729114396,0.0022533977729114396,147.0,0.0022533977729114396
517,147,147,0.0022634673525753777,0.0022634673525753777,147.0,0.0022634673525753777
518,147,147,0.0022848999783771475,0.0022848999783771475,147.0,0.0022848999783771475
519,147,147,0.0023083062542354786,0.0023083062542354786,147.0,0.0023083062542354786
520,147,147,0.002373978841790241,0.002373978841790241,147.0,0.002373978841790241
521,147,147,0.0024101869747876654,0.0024101869747876654,147.0,0.0024101869747876654
522,147,147,0.0024245898271685763,0.0024245898271685763,147.0,0.0024245898271685763
523,147,147,0.0024394120863057557,0.0024394120863057557,147.0,0.0024394120863057557
524,147,147,0.0024524888636171184,0.0024524888636171184,147.0,0.0024524888636171184
525,147,147,0.0024551858195559066,0.0024551858195559066,147.0,0.0024551858195559066
526,147,147,0.002453384408186018,0.002453384408186018,147.0,0.002453384408186018
527,147,147,0.002451015210298828,0.002451015210298828,147.0,0.002451015210298828
528,147,147,0.0024489051946165225,0.0024489051946165225,147.0,0.0024489051946165225
529,147,147,0.0024501454883750994,0.0024501454883750994,147.0,0.0024501454883750994
530,147,147,0.0024652056867374107,0.0024652056867374107,147.0,0.0024652056867374107
531,147,147,0.0025142835808548937,0.0025142835808548937,147.0,0.0025142835808548937
532,147,147,0.002578959319216559,0.002578959319216559,147.0,0.002578959319216559
533,147,147,0.002618260968376648,0.002618260968376648,147.0,0.002618260968376648
534,147,147,0.003034875482213555,0.003034875482213555,147.0,0.003034875482213555
535,147,147,0.004105564831284549,0.004105564831284549,147.0,0.004105564831284549
536,147,147,0.00867387660041382,0.00867387660041382,147.0,0.00867387660041382
537,147,147,0.006842309844208653,0.006842309844208653,147.0,0.006842309844208653
538,148,148,0.007389129568128405,0.007389129568128405,148.0,0.007389129568128405
539,150,150,0.007203162342363825,0.007203162342363825,150.0,0.007203162342363825
540,150,150,0.007197724296218422,0.007197724296218422,150.0,0.007197724296218422
541,150,150,0.00719803691080263,0.00719803691080263,150.0,0.00719803691080263
542,150,150,0.007201823961938393,0.007201823961938393,150.0,0.007201823961938393
543,150,150,0.0072102816722374695,0.0072102816722374695,150.0,0.0072102816722374695
544,150,150,0.007226792914664781,0.007226792914664781,150.0,0.007226792914664781
545,150,150,0.007265306278024766,0.007265306278024766,150.0,0.007265306278024766
546,150,150,0.00733980668021144,0.00733980668021144,150.0,0.00733980668021144
547,150,150,0.007444377085476181,0.007444377085476181,150.0,0.007444377085476181
548,150,150,0.0075553509023306995,0.0075553509023306995,150.0,0.0075553509023306995
549,150,150,0.00762081440351846,0.00762081440351846,150.0,0.00762081440351846
550,150,150,0.007636057096086655,0.007636057096086655,150.0,0.007636057096086655
551,150,150,0.007643990765876053,0.007643990765876053,150.0,0.007643990765876053
552,150,150,0.007659423541302423,0.007659423541302423,150.0,0.007659423541302423
553,150,150,0.007671851294627967,0.007671851294627967,150.0,0.007671851294627967
554,150,150,0.007674068048398854,0.007674068048398854,150.0,0.007674068048398854
555,150,150,0.007663397051672985,0.007663397051672985,150.0,0.007663397051672985
556,150,150,0.00764173388157589,0.00764173388157589,150.0,0.00764173388157589
557,150,150,0.007603935835867271,0.007603935835867271,150.0,0.007603935835867271
558,150,150,0.007540003849690105,0.007540003849690105,150.0,0.007540003849690105
559,150,150,0.007455329380769661,0.007455329380769661,150.0,0.007455329380769661
560,150,150,0.0073795092823186696,0.0073795092823186696,150.0,0.0073795092823186696
561,150,150,0.007383319938032908,0.007383319938032908,150.0,0.007383319938032908
562,150,150,0.007430392925351121,0.007430392925351121,150.0,0.007430392925351121
563,150,150,0.007400395111899217,0.007400395111899217,150.0,0.007400395111899217
564,150,150,0.007406814165048232,0.007406814165048232,150.0,0.007406814165048232
565,150,150,0.007424507651993428,0.007424507651993428,150.0,0.007424507651993428
566,150,150,0.007427801921042567,0.007427801921042567,150.0,0.007427801921042567
567,150,150,0.007426280046188199,0.007426280046188199,150.0,0.007426280046188199
568,150,150,0.007425448658649886,0.007425448658649886,150.0,0.007425448658649886
569,150,150,0.007425563130793353,0.007425563130793353,150.0,0.007425563130793353
570,150,150,0.0074255005531593974,0.0074255005531593974,150.0,0.0074255005531593974
571,150,150,0.007425491722045617,0.007425491722045617,150.0,0.007425491722045617
572,150,150,0.007426546317475138,0.007426546317475138,150.0,0.007426546317475138
573,150,150,0.007425770481122175,0.007425770481122175,150.0,0.007425770481122175
574,150,150,0.0074260488349135855,0.0074260488349135855,150.0,0.0074260488349135855
575,150,150,0.007428481000455674,0.007428481000455674,150.0,0.007428481000455674
576,150,150,0.007420641418809847,0.007420641418809847,150.0,0.007420641418809847
577,150,150,0.0073562679780691574,0.0073562679780691574,150.0,0.0073562679780691574
578,150,150,0.007153285912359314,0.007153285912359314,150.0,0.007153285912359314
579,150,150,0.007110996841189308,0.007110996841189308,150.0,0.007110996841189308
580,150,150,0.007246691174073295,0.007246691174073295,150.0,0.007246691174073295
581,150,150,0.007351647527193035,0.007351647527193035,150.0,0.007351647527193035
582,150,150,0.007385220825403035,0.007385220825403035,150.0,0.007385220825403035
583,150,150,0.007264485384919662,0.007264485384919662,150.0,0.007264485384919662
584,150,150,0.00727431756941727,0.00727431756941727,150.0,0.00727431756941727
585,150,150,0.007144227905002432,0.007144227905002432,150.0,0.007144227905002432
586,150,150,0.006921127290786358,0.006921127290786358,150.0,0.006921127290786358
587,150,150,0.006708393617868316,0.006708393617868316,150.0,0.006708393617868316
588,150,150,0.006553793331166546,0.006553793331166546,150.0,0.006553793331166546
589,150,150,0.006362549961621079,0.006362549961621079,150.0,0.006362549961621079
590,150,150,0.006152172642873723,0.006152172642873723,150.0,0.006152172642873723
591,150,150,0.006063508224479572,0.006063508224479572,150.0,0.006063508224479572
592,150,150,0.006053876452237834,0.006053876452237834,150.0,0.006053876452237834
593,150,150,0.006054525601203936,0.006054525601203936,150.0,0.006054525601203936
594,150,150,0.005985806665405571,0.005985806665405571,150.0,0.005985806665405571
595,150,150,0.0058592542109964,0.0058592542109964,150.0,0.0058592542109964
596,150,150,0.0057362252368610665,0.0057362252368610665,150.0,0.0057362252368610665
597,150,150,0.005611768274498295,0.005611768274498295,150.0,0.005611768274498295
598,150,150,0.005545130503324225,0.005545130503324225,150.0,0.005545130503324225
599,150,150,0.005531707736517944,0.005531707736517944,150.0,0.005531707736517944
600,150,150,0.005545342834673804,0.005545342834673804,150.0,0.005545342834673804
601,150,150,0.005526303785454104,0.005526303785454104,150.0,0.005526303785454104
602,150,150,0.005450908775671344,0.005450908775671344,150.0,0.005450908775671344
603,150,150,0.00530958458702391,0.00530958458702391,150.0,0.00530958458702391
604,150,150,0.0051373159057705245,0.0051373159057705245,150.0,0.0051373159057705245
605,150,150,0.005140733983857155,0.005140733983857155,150.0,0.005140733983857155
606,150,150,0.005099095795036339,0.005099095795036339,150.0,0.005099095795036339
607,150,150,0.004992187428225683,0.004992187428225683,150.0,0.004992187428225683
608,150,150,0.004878274307063291,0.004878274307063291,150.0,0.004878274307063291
609,150,150,0.004781156351209414,0.004781156351209414,150.0,0.004781156351209414
610,150,150,0.004714149818049727,0.004714149818049727,150.0,0.004714149818049727
611,150,150,0.004673001092201371,0.004673001092201371,150.0,0.004673001092201371
612,150,150,0.004655220569744833,0.004655220569744833,150.0,0.004655220569744833
613,150,150,0.004652221328462756,0.004652221328462756,150.0,0.004652221328462756
614,150,150,0.0046370577266695474,0.0046370577266695474,150.0,0.0046370577266695474
615,150,150,0.004464273725751626,0.004464273725751626,150.0,0.004464273725751626
616,150,150,0.004186826697359806,0.004186826697359806,150.0,0.004186826697359806
617,150,150,0.004106101626140893,0.004106101626140893,150.0,0.004106101626140893
618,150,150,0.004068321970102696,0.004068321970102696,150.0,0.004068321970102696
619,150,150,0.004006589469943399,0.004006589469943399,150.0,0.004006589469943399
620,150,150,0.003976667560316081,0.003976667560316081,150.0,0.003976667560316081
621,150,150,0.003954639624722128,0.003954639624722128,150.0,0.003954639624722128
622,150,150,0.003926891058237874,0.003926891058237874,150.0,0.003926891058237874
623,150,150,0.003895607967286597,0.003895607967286597,150.0,0.003895607967286597
624,150,150,0.0038612588608612198,0.0038612588608612198,150.0,0.0038612588608612198
625,150,150,0.0038226328410479364,0.0038226328410479364,150.0,0.0038226328410479364
626,150,150,0.0037879572102625584,0.0037879572102625584,150.0,0.0037879572102625584
627,150,150,0.003818310824848726,0.003818310824848726,150.0,0.003818310824848726
628,150,150,0.0034517472321851377,0.0034517472321851377,150.0,0.0034517472321851377
629,150,150,0.0029283845101242736,0.0029283845101242736,150.0,0.0029283845101242736
630,150,150,0.0028995431844121,0.0028995431844121,150.0,0.0028995431844121
631,150,150,0.002710770380366136,0.002710770380366136,150.0,0.002710770380366136
632,150,150,0.0026884955939913526,0.0026884955939913526,150.0,0.0026884955939913526
633,150,150,0.0027399713513470538,0.0027399713513470538,150.0,0.0027399713513470538
634,150,150,0.002758867975355986,0.002758867975355986,150.0,0.002758867975355986
635,150,150,0.0027587744402789295,0.0027587744402789295,150.0,0.0027587744402789295
636,150,150,0.002746987331653768,0.002746987331653768,150.0,0.002746987331653768
637,150,150,0.0027315121275455078,0.0027315121275455078,150.0,0.0027315121275455078
638,150,150,0.0027071824133663774,0.0027071824133663774,150.0,0.0027071824133663774
639,150,150,0.002661608845781678,0.002661608845781678,150.0,0.002661608845781678
640,150,150,0.002553375844960314,0.002553375844960314,150.0,0.002553375844960314
641,150,150,0.0026520667459224313,0.0026520667459224313,150.0,0.0026520667459224313
642,150,150,0.0018869794751765767,0.0018869794751765767,150.0,0.0018869794751765767
643,150,150,0.0018623554244921298,0.0018623554244921298,150.0,0.0018623554244921298
644,150,150,0.0017562394026852885,0.0017562394026852885,150.0,0.0017562394026852885
645,150,150,0.001503486390467828,0.001503486390467828,150.0,0.001503486390467828
646,150,150,0.0014933622612181923,0.0014933622612181923,150.0,0.0014933622612181923
647,150,150,0.0014920458052743327,0.0014920458052743327,150.0,0.0014920458052743327
648,150,150,0.001499806840147801,0.001499806840147801,150.0,0.001499806840147801
649,150,150,0.0015008149596021103,0.0015008149596021103,150.0,0.0015008149596021103
650,150,150,0.0014985717362851676,0.0014985717362851676,150.0,0.0014985717362851676
651,150,150,0.0014962123768332452,0.0014962123768332452,150.0,0.0014962123768332452
652,150,150,0.0014944644076799465,0.0014944644076799465,150.0,0.0014944644076799465
653,150,150,0.0014932188337677228,0.0014932188337677228,150.0,0.0014932188337677228
654,150,150,0.0014922249783425638,0.0014922249783425638,150.0,0.0014922249783425638
655,150,150,0.0014912472781868742,0.0014912472781868742,150.0,0.0014912472781868742
656,150,150,0.0014900764052161433,0.0014900764052161433,150.0,0.0014900764052161433
657,150,150,0.001488553662893469,0.001488553662893469,150.0,0.001488553662893469
658,150,150,0.0014866433948914843,0.0014866433948914843,150.0,0.0014866433948914843
659,150,150,0.001485619424187724,0.001485619424187724,150.0,0.001485619424187724
660,150,150,0.0014934654381878278,0.0014934654381878278,150.0,0.0014934654381878278
661,150,150,0.0015386440993005093,0.0015386440993005093,150.0,0.0015386440993005093
662,150,150,0.0016456182204278485,0.0016456182204278485,150.0,0.0016456182204278485
663,151,151,0.0017446855256216243,0.0017446855256216243,151.0,0.0017446855256216243
664,153,153,0.003146903197730424,0.003146903197730424,153.0,0.003146903197730424
665,157,157,0.009866290360248681,0.009866290360248681,157.0,0.009866290360248681
666,160,160,0.015635156072404538,0.015635156072404538,160.0,0.015635156072404538
667,165,165,0.017326769510773044,0.017326769510773044,165.0,0.017326769510773044
668,170,170,0.017074229631815083,0.017074229631815083,170.0,0.017074229631815083
669,174,174,0.017189260378963168,0.017189260378963168,174.0,0.017189260378963168
670,174,174,0.01711639921487993,0.01711639921487993,174.0,0.01711639921487993
671,174,174,0.017140034387519352,0.017140034387519352,174.0,0.017140034387519352
672,175,175,0.017228030069977286,0.017228030069977286,175.0,0.017228030069977286
673,175,175,0.017286527703649055,0.017286527703649055,175.0,0.017286527703649055
674,175,175,0.01730158613362651,0.01730158613362651,175.0,0.01730158613362651
675,175,175,0.017300570374002625,0.017300570374002625,175.0,0.017300570374002625
676,175,175,0.01729704741566207,0.01729704741566207,175.0,0.01729704741566207
677,175,175,0.01729036318061558,0.01729036318061558,175.0,0.01729036318061558
678,175,175,0.017279455454310064,0.017279455454310064,175.0,0.017279455454310064
679,175,175,0.017270048231872635,0.017270048231872635,175.0,0.017270048231872635
680,175,175,0.017280757664496337,0.017280757664496337,175.0,0.017280757664496337
681,175,175,0.017329059512067167,0.017329059512067167,175.0,0.017329059512067167
682,175,175,0.017411451228658715,0.017411451228658715,175.0,0.017411451228658715
683,175,175,0.017503272964711235,0.017503272964711235,175.0,0.017503272964711235
684,175,175,0.017546464304126305,0.017546464304126305,175.0,0.017546464304126305
685,175,175,0.01750862190469094,0.01750862190469094,175.0,0.01750862190469094
686,175,175,0.01743848031430033,0.01743848031430033,175.0,0.01743848031430033
687,175,175,0.017412239179845867,0.017412239179845867,175.0,0.017412239179845867
688,175,175,0.017416649485934674,0.017416649485934674,175.0,0.017416649485934674
689,175,175,0.017425363725921027,0.017425363725921027,175.0,0.017425363725921027
690,176,176,0.017421556049464968,0.017421556049464968,176.0,0.017421556049464968
691,176,176,0.01739457202062049,0.01739457202062049,176.0,0.01739457202062049
692,176,176,0.01734561463725782,0.01734561463725782,176.0,0.01734561463725782
693,176,176,0.0173087208668558,0.0173087208668558,176.0,0.0173087208668558
694,176,176,0.01733166293820925,0.01733166293820925,176.0,0.01733166293820925
695,176,176,0.01740263860471493,0.01740263860471493,176.0,0.01740263860471493
696,176,176,0.017478934460846182,0.017478934460846182,176.0,0.017478934460846182
697,176,176,0.01749040739400254,0.01749040739400254,176.0,0.01749040739400254
698,176,176,0.017430421146169932,0.017430421146169932,176.0,0.017430421146169932
699,176,176,0.017419757588949928,0.017419757588949928,176.0,0.017419757588949928
700,176,176,0.01744021814356851,0.01744021814356851,176.0,0.01744021814356851
701,176,176,0.01745892982291335,0.01745892982291335,176.0,0.01745892982291335
702,176,176,0.017470753576222072,0.017470753576222072,176.0,0.017470753576222072
703,176,176,0.017474221119440837,0.017474221119440837,176.0,0.017474221119440837
704,176,176,0.017452900764901236,0.017452900764901236,176.0,0.017452900764901236
705,176,176,0.017387378720825356,0.017387378720825356,176.0,0.017387378720825356
706,176,176,0.01728642729658532,0.01728642729658532,176.0,0.01728642729658532
707,176,176,0.017228444618862557,0.017228444618862557,176.0,0.017228444618862557
708,176,176,0.017263180809428274,0.017263180809428274,176.0,0.017263180809428274
709,176,176,0.01731378875541765,0.01731378875541765,176.0,0.01731378875541765
710,176,176,0.017327422533361586,0.017327422533361586,176.0,0.017327422533361586
711,176,176,0.01725396613073562,0.01725396613073562,176.0,0.01725396613073562
712,176,176,0.0172524775504315,0.0172524775504315,176.0,0.0172524775504315
713,176,176,0.01725864312317468,0.01725864312317468,176.0,0.01725864312317468
714,176,176,0.01725305519652812,0.01725305519652812,176.0,0.01725305519652812
715,176,176,0.017256039354983585,0.017256039354983585,176.0,0.017256039354983585
716,176,176,0.0172590740352842,0.0172590740352842,176.0,0.0172590740352842
717,176,176,0.017259708881564292,0.017259708881564292,176.0,0.017259708881564292
718,176,176,0.01725602517382021,0.01725602517382021,176.0,0.01725602517382021
719,176,176,0.01724464833724649,0.01724464833724649,176.0,0.01724464833724649
720,176,176,0.01722207839147059,0.01722207839147059,176.0,0.01722207839147059
721,176,176,0.017159700958781936,0.017159700958781936,176.0,0.017159700958781936
722,176,176,0.01702511877242883,0.01702511877242883,176.0,0.01702511877242883
723,176,176,0.01697173309550158,0.01697173309550158,176.0,0.01697173309550158
724,176,176,0.016921451016881164,0.016921451016881164,176.0,0.016921451016881164
725,176,176,0.01690173389163091,0.01690173389163091,176.0,0.01690173389163091
726,177,177,0.016832203500218083,0.016832203500218083,177.0,0.016832203500218083
727,178,178,0.016826172997804624,0.016826172997804624,178.0,0.016826172997804624
728,178,178,0.0168116706143444,0.0168116706143444,178.0,0.0168116706143444
729,178,178,0.01682174415029245,0.01682174415029245,178.0,0.01682174415029245
730,178,178,0.01680787272657513,0.01680787272657513,178.0,0.01680787272657513
731,178,178,0.016750346478333913,0.016750346478333913,178.0,0.016750346478333913
732,178,178,0.01662012774833731,0.01662012774833731,178.0,0.01662012774833731
733,178,178,0.016352423989463374,0.016352423989463374,178.0,0.016352423989463374
734,178,178,0.015908279035181043,0.015908279035181043,178.0,0.015908279035181043
735,178,178,0.015230441867676515,0.015230441867676515,178.0,0.015230441867676515
736,178,178,0.012284951943439357,0.012284951943439357,178.0,0.012284951943439357
737,178,178,0.0075245456907007,0.0075245456907007,178.0,0.0075245456907007
738,178,178,0.00648876486340697,0.00648876486340697,178.0,0.00648876486340697
739,178,178,0.006349966750598113,0.006349966750598113,178.0,0.006349966750598113
740,178,178,0.006386609290861457,0.006386609290861457,178.0,0.006386609290861457
741,178,178,0.006306115183614233,0.006306115183614233,178.0,0.006306115183614233
742,178,178,0.006249990182962399,0.006249990182962399,178.0,0.006249990182962399
743,178,178,0.006225238355638259,0.006225238355638259,178.0,0.006225238355638259
744,178,178,0.006210854935670647,0.006210854935670647,178.0,0.006210854935670647
745,178,178,0.006200841829180649,0.006200841829180649,178.0,0.006200841829180649
746,178,178,0.006192707129375571,0.006192707129375571,178.0,0.006192707129375571
747,178,178,0.006189015579375404,0.006189015579375404,178.0,0.006189015579375404
748,178,178,0.006198782101357627,0.006198782101357627,178.0,0.006198782101357627
749,178,178,0.0062101279691787505,0.0062101279691787505,178.0,0.0062101279691787505
750,178,178,0.00618792997439215,0.00618792997439215,178.0,0.00618792997439215
751,178,178,0.006869997489822666,0.006869997489822666,178.0,0.006869997489822666
752,178,178,0.0043050926464343504,0.0043050926464343504,178.0,0.0043050926464343504
753,178,178,0.002518533796880496,0.002518533796880496,178.0,0.002518533796880496
754,178,178,0.002259623782920788,0.002259623782920788,178.0,0.002259623782920788
755,179,179,0.0022915474740482595,0.0022915474740482595,179.0,0.0022915474740482595
756,179,179,0.0022010410826993508,0.0022010410826993508,179.0,0.0022010410826993508
757,179,179,0.0021955517244962846,0.0021955517244962846,179.0,0.0021955517244962846
758,179,179,0.002192036813206394,0.002192036813206394,179.0,0.002192036813206394
759,179,179,0.002196382688556241,0.002196382688556241,179.0,0.002196382688556241
760,179,179,0.002211671925319538,0.002211671925319538,179.0,0.002211671925319538
761,179,179,0.0022374942668788784,0.0022374942668788784,179.0,0.0022374942668788784
762,179,179,0.0022741712606484817,0.0022741712606484817,179.0,0.0022741712606484817
763,179,179,0.002319676203165804,0.002319676203165804,179.0,0.002319676203165804
764,179,179,0.0023751874984501127,0.0023751874984501127,179.0,0.0023751874984501127
765,179,179,0.00245219134418725,0.00245219134418725,179.0,0.00245219134418725
766,179,179,0.0025026300105583086,0.0025026300105583086,179.0,0.0025026300105583086
767,179,179,0.0025027076462616343,0.0025027076462616343,179.0,0.0025027076462616343
768,179,179,0.0025173348488694205,0.0025173348488694205,179.0,0.0025173348488694205
769,179,179,0.0025184158205209094,0.0025184158205209094,179.0,0.0025184158205209094
770,179,179,0.0025160160275607014,0.0025160160275607014,179.0,0.0025160160275607014
771,180,180,0.0025127178147998225,0.0025127178147998225,180.0,0.0025127178147998225
772,180,180,0.002507246193810335,0.002507246193810335,180.0,0.002507246193810335
773,180,180,0.00249988302928874,0.00249988302928874,180.0,0.00249988302928874
774,180,180,0.0024892688714894446,0.0024892688714894446,180.0,0.0024892688714894446
775,180,180,0.002474475765879158,0.002474475765879158,180.0,0.002474475765879158
776,180,180,0.0024499886037219944,0.0024499886037219944,180.0,0.0024499886037219944
777,180,180,0.00239191260401753,0.00239191260401753,180.0,0.00239191260401753
778,180,180,0.0022796036034931065,0.0022796036034931065,180.0,0.0022796036034931065
779,180,180,0.002242784038864425,0.002242784038864425,180.0,0.002242784038864425
780,180,180,0.0022794795792851707,0.0022794795792851707,180.0,0.0022794795792851707
781,180,180,0.0022435826658439074,0.0022435826658439074,180.0,0.0022435826658439074
782,180,180,0.0022125337583175984,0.0022125337583175984,180.0,0.0022125337583175984
783,180,180,0.002211253427432032,0.002211253427432032,180.0,0.002211253427432032
784,180,180,0.0022109077144691204,0.0022109077144691204,180.0,0.0022109077144691204
785,180,180,0.0022121680021479433,0.0022121680021479433,180.0,0.0022121680021479433
786,180,180,0.0022109213112733437,0.0022109213112733437,180.0,0.0022109213112733437
787,180,180,0.0022105529801943117,0.0022105529801943117,180.0,0.0022105529801943117
788,180,180,0.0022096372097175775,0.0022096372097175775,180.0,0.0022096372097175775
789,180,180,0.002183302361766661,0.002183302361766661,180.0,0.002183302361766661
790,180,180,0.0021006872588090475,0.0021006872588090475,180.0,0.0021006872588090475
791,180,180,0.0020815222174428542,0.0020815222174428542,180.0,0.0020815222174428542
792,180,180,0.0022849038110999446,0.0022849038110999446,180.0,0.0022849038110999446
793,180,180,0.0017731978517946392,0.0017731978517946392,180.0,0.0017731978517946392
794,180,180,0.0014833621332096506,0.0014833621332096506,180.0,0.0014833621332096506
795,180,180,0.0013574524470543598,0.0013574524470543598,180.0,0.0013574524470543598
796,180,180,0.0013205360935659846,0.0013205360935659846,180.0,0.0013205360935659846
797,180,180,0.001319832393674367,0.001319832393674367,180.0,0.001319832393674367
798,180,180,0.0013231595801383785,0.0013231595801383785,180.0,0.0013231595801383785
799,180,180,0.0013244166591535355,0.0013244166591535355,180.0,0.0013244166591535355
