,eta,epsilon,sigma_init,mu,K,TMSE,CB
0,0.05,0.35,0.2,0.05,1,0.38273568099753186,69
1,0.05,0.35,0.2,0.05,2,0.3857292020401118,69
2,0.05,0.35,0.2,0.05,4,0.38919292108988357,69
3,0.05,0.35,0.2,0.05,6,0.3957093375330598,69
4,0.05,0.35,0.2,0.05,8,0.41360745017603795,69
5,0.05,0.35,0.2,0.1,1,0.3239841985703539,69
6,0.05,0.35,0.2,0.1,2,0.3265547264285729,69
7,0.05,0.35,0.2,0.1,4,0.3294070577576658,69
8,0.05,0.35,0.2,0.1,6,0.33501816654887107,69
9,0.05,0.35,0.2,0.1,8,0.35127725868090465,69
10,0.05,0.35,0.2,0.2,1,0.2809271962646427,69
11,0.05,0.35,0.2,0.2,2,0.28244744671144123,69
12,0.05,0.35,0.2,0.2,4,0.28443693965646955,69
13,0.05,0.35,0.2,0.2,6,0.2881159864427857,69
14,0.05,0.35,0.2,0.2,8,0.3004735956285678,69
15,0.05,0.35,0.2,0.3,1,0.2635518661819905,69
16,0.05,0.35,0.2,0.3,2,0.2642076883982792,69
17,0.05,0.35,0.2,0.3,4,0.2655343059035877,69
18,0.05,0.35,0.2,0.3,6,0.2675598570597583,69
19,0.05,0.35,0.2,0.3,8,0.2771980503815309,69
20,0.05,0.35,0.2,0.4,1,0.25410852546035045,69
21,0.05,0.35,0.2,0.4,2,0.25413609560815964,69
22,0.05,0.35,0.2,0.4,4,0.2548071534927277,69
23,0.05,0.35,0.2,0.4,6,0.2552753845483541,69
24,0.05,0.35,0.2,0.4,8,0.26260784911751606,69
25,0.05,0.35,0.4,0.05,1,0.2802636523985412,69
26,0.05,0.35,0.4,0.05,2,0.28056974797455064,69
27,0.05,0.35,0.4,0.05,4,0.28050520716301947,69
28,0.05,0.35,0.4,0.05,6,0.28115760545997803,69
29,0.05,0.35,0.4,0.05,8,0.2831572063413222,69
30,0.05,0.35,0.4,0.1,1,0.2727962473556962,69
31,0.05,0.35,0.4,0.1,2,0.2732174728436483,69
32,0.05,0.35,0.4,0.1,4,0.2731130059544588,69
33,0.05,0.35,0.4,0.1,6,0.2740163149777876,69
34,0.05,0.35,0.4,0.1,8,0.27685156949537043,69
35,0.05,0.35,0.4,0.2,1,0.2616887171734254,69
36,0.05,0.35,0.4,0.2,2,0.2621347180378633,69
37,0.05,0.35,0.4,0.2,4,0.2620243324726245,69
38,0.05,0.35,0.4,0.2,6,0.26302252677660826,69
39,0.05,0.35,0.4,0.2,8,0.2663072022570129,69
40,0.05,0.35,0.4,0.3,1,0.25479658982182446,69
41,0.05,0.35,0.4,0.3,2,0.25519154719254095,69
42,0.05,0.35,0.4,0.3,4,0.2551168122388077,69
43,0.05,0.35,0.4,0.3,6,0.2560578776377226,69
44,0.05,0.35,0.4,0.3,8,0.2593197700265616,69
45,0.05,0.35,0.4,0.4,1,0.25022531107711476,69
46,0.05,0.35,0.4,0.4,2,0.25055027591399454,69
47,0.05,0.35,0.4,0.4,4,0.2505244085205125,69
48,0.05,0.35,0.4,0.4,6,0.2513664898899931,69
49,0.05,0.35,0.4,0.4,8,0.25446772889683944,69
50,0.05,0.35,0.6,0.05,1,0.2221663409776186,69
51,0.05,0.35,0.6,0.05,2,0.2222180624043384,69
52,0.05,0.35,0.6,0.05,4,0.22200944545256024,69
53,0.05,0.35,0.6,0.05,6,0.22194316260594568,69
54,0.05,0.35,0.6,0.05,8,0.2222060676227391,69
55,0.05,0.35,0.6,0.1,1,0.22451270095139592,69
56,0.05,0.35,0.6,0.1,2,0.2246174227771355,69
57,0.05,0.35,0.6,0.1,4,0.22419814704813384,69
58,0.05,0.35,0.6,0.1,6,0.22406625310727996,69
59,0.05,0.35,0.6,0.1,8,0.2245876057487597,69
60,0.05,0.35,0.6,0.2,1,0.22945704194712047,69
61,0.05,0.35,0.6,0.2,2,0.22963352389583616,69
62,0.05,0.35,0.6,0.2,4,0.22893399642174814,69
63,0.05,0.35,0.6,0.2,6,0.2287136593226716,69
64,0.05,0.35,0.6,0.2,8,0.22959046202609654,69
65,0.05,0.35,0.6,0.3,1,0.232152703404233,69
66,0.05,0.35,0.6,0.3,2,0.2323670084053504,69
67,0.05,0.35,0.6,0.3,4,0.23152411667670636,69
68,0.05,0.35,0.6,0.3,6,0.23125756859563945,69
69,0.05,0.35,0.6,0.3,8,0.23234297555919126,69
70,0.05,0.35,0.6,0.4,1,0.23366291097515962,69
71,0.05,0.35,0.6,0.4,2,0.23389505699695787,69
72,0.05,0.35,0.6,0.4,4,0.23298851550407082,69
73,0.05,0.35,0.6,0.4,6,0.23270007891559236,69
74,0.05,0.35,0.6,0.4,8,0.23391127313349253,69
75,0.05,0.5,0.2,0.05,1,0.582230550561028,37
76,0.05,0.5,0.2,0.05,2,0.5927443400595844,37
77,0.05,0.5,0.2,0.05,4,0.6216470192911633,37
78,0.05,0.5,0.2,0.05,6,0.6646082888698266,37
79,0.05,0.5,0.2,0.05,8,0.7549513480859018,37
80,0.05,0.5,0.2,0.1,1,0.4375323532142047,37
81,0.05,0.5,0.2,0.1,2,0.4461908209018454,37
82,0.05,0.5,0.2,0.1,4,0.4733231312149596,37
83,0.05,0.5,0.2,0.1,6,0.5178385767378131,37
84,0.05,0.5,0.2,0.1,8,0.6179068830867621,37
85,0.05,0.5,0.2,0.2,1,0.338321527824878,37
86,0.05,0.5,0.2,0.2,2,0.3438227636239305,37
87,0.05,0.5,0.2,0.2,4,0.36161040705226544,37
88,0.05,0.5,0.2,0.2,6,0.3929936671086788,37
89,0.05,0.5,0.2,0.2,8,0.4897326010642872,37
90,0.05,0.5,0.2,0.3,1,0.30224017181128376,37
91,0.05,0.5,0.2,0.3,2,0.30593563877374697,37
92,0.05,0.5,0.2,0.3,4,0.31904255462818687,37
93,0.05,0.5,0.2,0.3,6,0.3405679120660268,37
94,0.05,0.5,0.2,0.3,8,0.4288738116434511,37
95,0.05,0.5,0.2,0.4,1,0.28417064872593517,37
96,0.05,0.5,0.2,0.4,2,0.2856890976843092,37
97,0.05,0.5,0.2,0.4,4,0.2971121059033849,37
98,0.05,0.5,0.2,0.4,6,0.3132556523292997,37
99,0.05,0.5,0.2,0.4,8,0.39336647066998065,37
100,0.05,0.5,0.4,0.05,1,0.3121953594403669,37
101,0.05,0.5,0.4,0.05,2,0.31322303592918876,37
102,0.05,0.5,0.4,0.05,4,0.31519112693357026,37
103,0.05,0.5,0.4,0.05,6,0.31893388298847297,37
104,0.05,0.5,0.4,0.05,8,0.3301782795256713,37
105,0.05,0.5,0.4,0.1,1,0.29911309604343617,37
106,0.05,0.5,0.4,0.1,2,0.30035306247536353,37
107,0.05,0.5,0.4,0.1,4,0.3027758133420678,37
108,0.05,0.5,0.4,0.1,6,0.307728396408302,37
109,0.05,0.5,0.4,0.1,8,0.3236260014873717,37
110,0.05,0.5,0.4,0.2,1,0.27877295559339166,37
111,0.05,0.5,0.4,0.2,2,0.2798709344938138,37
112,0.05,0.5,0.4,0.2,4,0.28208834850298964,37
113,0.05,0.5,0.4,0.2,6,0.28686756353592535,37
114,0.05,0.5,0.4,0.2,8,0.30442877206932695,37
115,0.05,0.5,0.4,0.3,1,0.2673272557735467,37
116,0.05,0.5,0.4,0.3,2,0.26820743556346077,37
117,0.05,0.5,0.4,0.3,4,0.2700289384750553,37
118,0.05,0.5,0.4,0.3,6,0.27397004983414525,37
119,0.05,0.5,0.4,0.3,8,0.29029090561069665,37
120,0.05,0.5,0.4,0.4,1,0.26029297381372435,37
121,0.05,0.5,0.4,0.4,2,0.26097582722114865,37
122,0.05,0.5,0.4,0.4,4,0.26238720544495175,37
123,0.05,0.5,0.4,0.4,6,0.26547603334708464,37
124,0.05,0.5,0.4,0.4,8,0.27965037193289843,37
125,0.05,0.5,0.6,0.05,1,0.23818816033214665,37
126,0.05,0.5,0.6,0.05,2,0.2383738615104029,37
127,0.05,0.5,0.6,0.05,4,0.23835445307784453,37
128,0.05,0.5,0.6,0.05,6,0.23885173294001763,37
129,0.05,0.5,0.6,0.05,8,0.2406919313493623,37
130,0.05,0.5,0.6,0.1,1,0.24451185990866228,37
131,0.05,0.5,0.6,0.1,2,0.24485140973090105,37
132,0.05,0.5,0.6,0.1,4,0.24481150599853058,37
133,0.05,0.5,0.6,0.1,6,0.24575453531566435,37
134,0.05,0.5,0.6,0.1,8,0.2493579882293923,37
135,0.05,0.5,0.6,0.2,1,0.24844246281506938,37
136,0.05,0.5,0.6,0.2,2,0.24891870809591796,37
137,0.05,0.5,0.6,0.2,4,0.24887515599362725,37
138,0.05,0.5,0.6,0.2,6,0.25029678354314244,37
139,0.05,0.5,0.6,0.2,8,0.2559230497522778,37
140,0.05,0.5,0.6,0.3,1,0.2488485749953734,37
141,0.05,0.5,0.6,0.3,2,0.24935502804889417,37
142,0.05,0.5,0.6,0.3,4,0.24932715766438635,37
143,0.05,0.5,0.6,0.3,6,0.250928187521517,37
144,0.05,0.5,0.6,0.3,8,0.25747983379627487,37
145,0.05,0.5,0.6,0.4,1,0.24851089629110165,37
146,0.05,0.5,0.6,0.4,2,0.24900580880222445,37
147,0.05,0.5,0.6,0.4,4,0.24900461277860947,37
148,0.05,0.5,0.6,0.4,6,0.2506438343229916,37
149,0.05,0.5,0.6,0.4,8,0.2575836685037817,37
150,0.05,1.0,0.2,0.05,1,0.7590446184177899,13
151,0.05,1.0,0.2,0.05,2,0.7590452709704192,13
152,0.05,1.0,0.2,0.05,4,0.7590721599553405,13
153,0.05,1.0,0.2,0.05,6,0.7590973142205241,13
154,0.05,1.0,0.2,0.05,8,0.7591213398964992,13
155,0.05,1.0,0.2,0.1,1,0.7588486382721198,13
156,0.05,1.0,0.2,0.1,2,0.7588499552270915,13
157,0.05,1.0,0.2,0.1,4,0.7589042013201581,13
158,0.05,1.0,0.2,0.1,6,0.7589548723934049,13
159,0.05,1.0,0.2,0.1,8,0.7590031829215599,13
160,0.05,1.0,0.2,0.2,1,0.758450744007461,13
161,0.05,1.0,0.2,0.2,2,0.7584534271271227,13
162,0.05,1.0,0.2,0.2,4,0.7585638437309574,13
163,0.05,1.0,0.2,0.2,6,0.7586666713390298,13
164,0.05,1.0,0.2,0.2,8,0.7587643426654488,13
165,0.05,1.0,0.2,0.3,1,0.7580446639360472,13
166,0.05,1.0,0.2,0.3,2,0.7580487662646597,13
167,0.05,1.0,0.2,0.3,4,0.758217386489663,13
168,0.05,1.0,0.2,0.3,6,0.7583739298773804,13
169,0.05,1.0,0.2,0.3,8,0.7585220399679413,13
170,0.05,1.0,0.2,0.4,1,0.7576300509317546,13
171,0.05,1.0,0.2,0.4,2,0.7576356297119198,13
172,0.05,1.0,0.2,0.4,4,0.7578646036367932,13
173,0.05,1.0,0.2,0.4,6,0.7580765013236161,13
174,0.05,1.0,0.2,0.4,8,0.7582761567694647,13
175,0.05,1.0,0.4,0.05,1,0.5447283878424434,13
176,0.05,1.0,0.4,0.05,2,0.5486752717686418,13
177,0.05,1.0,0.4,0.05,4,0.5764092112603686,13
178,0.05,1.0,0.4,0.05,6,0.5936777277736128,13
179,0.05,1.0,0.4,0.05,8,0.571508040554512,13
180,0.05,1.0,0.4,0.1,1,0.6250525847716965,13
181,0.05,1.0,0.4,0.1,2,0.6366753297313936,13
182,0.05,1.0,0.4,0.1,4,0.7403548999625739,13
183,0.05,1.0,0.4,0.1,6,0.8512798264313902,13
184,0.05,1.0,0.4,0.1,8,0.9482459939252958,13
185,0.05,1.0,0.4,0.2,1,0.5510005550525686,13
186,0.05,1.0,0.4,0.2,2,0.5674361126346984,13
187,0.05,1.0,0.4,0.2,4,0.7068212395099971,13
188,0.05,1.0,0.4,0.2,6,0.9166354590879967,13
189,0.05,1.0,0.4,0.2,8,1.254355135051808,13
190,0.05,1.0,0.4,0.3,1,0.48873404181089686,13
191,0.05,1.0,0.4,0.3,2,0.5068253122613506,13
192,0.05,1.0,0.4,0.3,4,0.6424603864508667,13
193,0.05,1.0,0.4,0.3,6,0.873298023269291,13
194,0.05,1.0,0.4,0.3,8,1.3119834541874293,13
195,0.05,1.0,0.4,0.4,1,0.4477648385406476,13
196,0.05,1.0,0.4,0.4,2,0.4669483041886771,13
197,0.05,1.0,0.4,0.4,4,0.596370198794183,13
198,0.05,1.0,0.4,0.4,6,0.826981667658799,13
199,0.05,1.0,0.4,0.4,8,1.2949010611693008,13
200,0.05,1.0,0.6,0.05,1,0.32943872925203654,13
201,0.05,1.0,0.6,0.05,2,0.3316340231042511,13
202,0.05,1.0,0.6,0.05,4,0.34295094091992806,13
203,0.05,1.0,0.6,0.05,6,0.35751181602061094,13
204,0.05,1.0,0.6,0.05,8,0.370504431038335,13
205,0.05,1.0,0.6,0.1,1,0.35907029251979206,13
206,0.05,1.0,0.6,0.1,2,0.36345414475764576,13
207,0.05,1.0,0.6,0.1,4,0.38820332793164325,13
208,0.05,1.0,0.6,0.1,6,0.4247747176342692,13
209,0.05,1.0,0.6,0.1,8,0.4738886822089559,13
210,0.05,1.0,0.6,0.2,1,0.3583273036005206,13
211,0.05,1.0,0.6,0.2,2,0.3641199022150187,13
212,0.05,1.0,0.6,0.2,4,0.39982714536894115,13
213,0.05,1.0,0.6,0.2,6,0.45828019068897563,13
214,0.05,1.0,0.6,0.2,8,0.5601882130899623,13
215,0.05,1.0,0.6,0.3,1,0.34608715413699487,13
216,0.05,1.0,0.6,0.3,2,0.35183970427396305,13
217,0.05,1.0,0.6,0.3,4,0.38976644676937044,13
218,0.05,1.0,0.6,0.3,6,0.4533639082484007,13
219,0.05,1.0,0.6,0.3,8,0.5804328484443415,13
220,0.05,1.0,0.6,0.4,1,0.33528232617781484,13
221,0.05,1.0,0.6,0.4,2,0.34060650086729866,13
222,0.05,1.0,0.6,0.4,4,0.37801276734268485,13
223,0.05,1.0,0.6,0.4,6,0.4415692480005779,13
224,0.05,1.0,0.6,0.4,8,0.5836588942820286,13
225,0.1,0.35,0.2,0.05,1,0.3037775169642917,69
226,0.1,0.35,0.2,0.05,2,0.30498428189502147,69
227,0.1,0.35,0.2,0.05,4,0.30596177880451736,69
228,0.1,0.35,0.2,0.05,6,0.3088856590238719,69
229,0.1,0.35,0.2,0.05,8,0.318074245523957,69
230,0.1,0.35,0.2,0.1,1,0.26188282021838627,69
231,0.1,0.35,0.2,0.1,2,0.2623132214710276,69
232,0.1,0.35,0.2,0.1,4,0.2627831733694531,69
233,0.1,0.35,0.2,0.1,6,0.26398972072938137,69
234,0.1,0.35,0.2,0.1,8,0.2686345316133795,69
235,0.1,0.35,0.2,0.2,1,0.23939600558962812,69
236,0.1,0.35,0.2,0.2,2,0.23912505704777343,69
237,0.1,0.35,0.2,0.2,4,0.2391431896537342,69
238,0.1,0.35,0.2,0.2,6,0.23861210149955162,69
239,0.1,0.35,0.2,0.2,8,0.2393400689833703,69
240,0.1,0.35,0.2,0.3,1,0.23226784720200366,69
241,0.1,0.35,0.2,0.3,2,0.23154054834027912,69
242,0.1,0.35,0.2,0.3,4,0.2310102860829784,69
243,0.1,0.35,0.2,0.3,6,0.22883147749312976,69
244,0.1,0.35,0.2,0.3,8,0.22645519881423776,69
245,0.1,0.35,0.2,0.4,1,0.22943486955460926,69
246,0.1,0.35,0.2,0.4,2,0.22829745173061083,69
247,0.1,0.35,0.2,0.4,4,0.22711188182533543,69
248,0.1,0.35,0.2,0.4,6,0.2233545568711534,69
249,0.1,0.35,0.2,0.4,8,0.21835577889439955,69
250,0.1,0.35,0.4,0.05,1,0.2611961349008888,69
251,0.1,0.35,0.4,0.05,2,0.26143840085841924,69
252,0.1,0.35,0.4,0.05,4,0.2616245405938796,69
253,0.1,0.35,0.4,0.05,6,0.26222873878371933,69
254,0.1,0.35,0.4,0.05,8,0.26418136306683304,69
255,0.1,0.35,0.4,0.1,1,0.2486917536345777,69
256,0.1,0.35,0.4,0.1,2,0.24890750047706814,69
257,0.1,0.35,0.4,0.1,4,0.24906864944110882,69
258,0.1,0.35,0.4,0.1,6,0.24960749266407864,69
259,0.1,0.35,0.4,0.1,8,0.2514195790922909,69
260,0.1,0.35,0.4,0.2,1,0.23693246342074598,69
261,0.1,0.35,0.4,0.2,2,0.2370763204071254,69
262,0.1,0.35,0.4,0.2,4,0.23719247344482564,69
263,0.1,0.35,0.4,0.2,6,0.2375656321158862,69
264,0.1,0.35,0.4,0.2,8,0.238912783840273,69
265,0.1,0.35,0.4,0.3,1,0.2325253051652992,69
266,0.1,0.35,0.4,0.3,2,0.23261791825915065,69
267,0.1,0.35,0.4,0.3,4,0.23270804390729632,69
268,0.1,0.35,0.4,0.3,6,0.2329638770542179,69
269,0.1,0.35,0.4,0.3,8,0.23397154774726953,69
270,0.1,0.35,0.4,0.4,1,0.23105285252624636,69
271,0.1,0.35,0.4,0.4,2,0.23110675537857822,69
272,0.1,0.35,0.4,0.4,4,0.23117985888589362,69
273,0.1,0.35,0.4,0.4,6,0.2313466504184082,69
274,0.1,0.35,0.4,0.4,8,0.23209869089138477,69
275,0.1,0.35,0.6,0.05,1,0.20442572887013033,69
276,0.1,0.35,0.6,0.05,2,0.20448528804518668,69
277,0.1,0.35,0.6,0.05,4,0.2044658994241114,69
278,0.1,0.35,0.6,0.05,6,0.20448876588061635,69
279,0.1,0.35,0.6,0.05,8,0.2048735197526299,69
280,0.1,0.35,0.6,0.1,1,0.21464404036517495,69
281,0.1,0.35,0.6,0.1,2,0.21473870289893632,69
282,0.1,0.35,0.6,0.1,4,0.21470830735176802,69
283,0.1,0.35,0.6,0.1,6,0.21474038373287332,69
284,0.1,0.35,0.6,0.1,8,0.215336980605522,69
285,0.1,0.35,0.6,0.2,1,0.22097295947222367,69
286,0.1,0.35,0.6,0.2,2,0.22108650088843101,69
287,0.1,0.35,0.6,0.2,4,0.22104975238770708,69
288,0.1,0.35,0.6,0.2,6,0.22108429250303147,69
289,0.1,0.35,0.6,0.2,8,0.2217961444470221,69
290,0.1,0.35,0.6,0.3,1,0.223415729168344,69
291,0.1,0.35,0.6,0.3,2,0.22352624931950332,69
292,0.1,0.35,0.6,0.3,4,0.22349120894150615,69
293,0.1,0.35,0.6,0.3,6,0.22352424887594774,69
294,0.1,0.35,0.6,0.3,8,0.22422825055292753,69
295,0.1,0.35,0.6,0.4,1,0.225275598930804,69
296,0.1,0.35,0.6,0.4,2,0.2253777839175403,69
297,0.1,0.35,0.6,0.4,4,0.22534682509789827,69
298,0.1,0.35,0.6,0.4,6,0.2253782619788331,69
299,0.1,0.35,0.6,0.4,8,0.22604539225023693,69
300,0.1,0.5,0.2,0.05,1,0.37809000268826887,37
301,0.1,0.5,0.2,0.05,2,0.3870830990748467,37
302,0.1,0.5,0.2,0.05,4,0.4026543829769481,37
303,0.1,0.5,0.2,0.05,6,0.4313821220557184,37
304,0.1,0.5,0.2,0.05,8,0.5280949473869572,37
305,0.1,0.5,0.2,0.1,1,0.29099865154357174,37
306,0.1,0.5,0.2,0.1,2,0.29520276480017965,37
307,0.1,0.5,0.2,0.1,4,0.30161629443411775,37
308,0.1,0.5,0.2,0.1,6,0.3143825923904337,37
309,0.1,0.5,0.2,0.1,8,0.37823641695296106,37
310,0.1,0.5,0.2,0.2,1,0.26155745602411595,37
311,0.1,0.5,0.2,0.2,2,0.2635935871566011,37
312,0.1,0.5,0.2,0.2,4,0.2663206758991673,37
313,0.1,0.5,0.2,0.2,6,0.2694662411425822,37
314,0.1,0.5,0.2,0.2,8,0.30668894853795137,37
315,0.1,0.5,0.2,0.3,1,0.25789634283123736,37
316,0.1,0.5,0.2,0.3,2,0.2578286997227291,37
317,0.1,0.5,0.2,0.3,4,0.26099259562026017,37
318,0.1,0.5,0.2,0.3,6,0.262299145243216,37
319,0.1,0.5,0.2,0.3,8,0.28958162381057584,37
320,0.1,0.5,0.2,0.4,1,0.259042919175983,37
321,0.1,0.5,0.2,0.4,2,0.25822083766853304,37
322,0.1,0.5,0.2,0.4,4,0.2618260598615718,37
323,0.1,0.5,0.2,0.4,6,0.2625891201313709,37
324,0.1,0.5,0.2,0.4,8,0.28422748286580485,37
325,0.1,0.5,0.4,0.05,1,0.2802357189071934,37
326,0.1,0.5,0.4,0.05,2,0.28097756619585856,37
327,0.1,0.5,0.4,0.05,4,0.28221724707678364,37
328,0.1,0.5,0.4,0.05,6,0.2846170666977324,37
329,0.1,0.5,0.4,0.05,8,0.29531436897335367,37
330,0.1,0.5,0.4,0.1,1,0.26267980223664067,37
331,0.1,0.5,0.4,0.1,2,0.26320078021651916,37
332,0.1,0.5,0.4,0.1,4,0.26406173321594595,37
333,0.1,0.5,0.4,0.1,6,0.2657647715052877,37
334,0.1,0.5,0.4,0.1,8,0.27469109935220737,37
335,0.1,0.5,0.4,0.2,1,0.2541767082758129,37
336,0.1,0.5,0.4,0.2,2,0.25442240967545426,37
337,0.1,0.5,0.4,0.2,4,0.254817265781977,37
338,0.1,0.5,0.4,0.2,6,0.2554791349386112,37
339,0.1,0.5,0.4,0.2,8,0.260514551199919,37
340,0.1,0.5,0.4,0.3,1,0.2543169230311577,37
341,0.1,0.5,0.4,0.3,2,0.25437257016678116,37
342,0.1,0.5,0.4,0.3,4,0.25443393830445793,37
343,0.1,0.5,0.4,0.3,6,0.25444196222765336,37
344,0.1,0.5,0.4,0.3,8,0.2560675922077623,37
345,0.1,0.5,0.4,0.4,1,0.2566494008759995,37
346,0.1,0.5,0.4,0.4,2,0.2565079577258823,37
347,0.1,0.5,0.4,0.4,4,0.25621255492411715,37
348,0.1,0.5,0.4,0.4,6,0.2556976542474554,37
349,0.1,0.5,0.4,0.4,8,0.2544147533680422,37
350,0.1,0.5,0.6,0.05,1,0.23006563727665813,37
351,0.1,0.5,0.6,0.05,2,0.23025860466376602,37
352,0.1,0.5,0.6,0.05,4,0.23050865614786434,37
353,0.1,0.5,0.6,0.05,6,0.2310134117257448,37
354,0.1,0.5,0.6,0.05,8,0.23344779886046454,37
355,0.1,0.5,0.6,0.1,1,0.23863276577050718,37
356,0.1,0.5,0.6,0.1,2,0.23887630828196352,37
357,0.1,0.5,0.6,0.1,4,0.2391953748174443,37
358,0.1,0.5,0.6,0.1,6,0.2398571976089944,37
359,0.1,0.5,0.6,0.1,8,0.24316826502377115,37
360,0.1,0.5,0.6,0.2,1,0.2455911525932069,37
361,0.1,0.5,0.6,0.2,2,0.24582097157376612,37
362,0.1,0.5,0.6,0.2,4,0.24612745803159589,37
363,0.1,0.5,0.6,0.2,6,0.24677932765018581,37
364,0.1,0.5,0.6,0.2,8,0.2502565215772978,37
365,0.1,0.5,0.6,0.3,1,0.25059242530123127,37
366,0.1,0.5,0.6,0.3,2,0.25078522678166176,37
367,0.1,0.5,0.6,0.3,4,0.25104765495619963,37
368,0.1,0.5,0.6,0.3,6,0.2516008502875356,37
369,0.1,0.5,0.6,0.3,8,0.2547495034865825,37
370,0.1,0.5,0.6,0.4,1,0.2552191854354735,37
371,0.1,0.5,0.6,0.4,2,0.2553765155280092,37
372,0.1,0.5,0.6,0.4,4,0.25559816106396493,37
373,0.1,0.5,0.6,0.4,6,0.2560461221599625,37
374,0.1,0.5,0.6,0.4,8,0.2587586763098447,37
375,0.1,1.0,0.2,0.05,1,0.8784867002030557,13
376,0.1,1.0,0.2,0.05,2,0.8785001670682568,13
377,0.1,1.0,0.2,0.05,4,0.8785731657021311,13
378,0.1,1.0,0.2,0.05,6,0.8786438313778895,13
379,0.1,1.0,0.2,0.05,8,0.8786919809371263,13
380,0.1,1.0,0.2,0.1,1,0.8782079663577843,13
381,0.1,1.0,0.2,0.1,2,0.8782351044942318,13
382,0.1,1.0,0.2,0.1,4,0.8783819292852371,13
383,0.1,1.0,0.2,0.1,6,0.8785240400418722,13
384,0.1,1.0,0.2,0.1,8,0.878620773218185,13
385,0.1,1.0,0.2,0.2,1,0.8776429870720769,13
386,0.1,1.0,0.2,0.2,2,0.8776981084817004,13
387,0.1,1.0,0.2,0.2,4,0.8779951495003899,13
388,0.1,1.0,0.2,0.2,6,0.8782825608832738,13
389,0.1,1.0,0.2,0.2,8,0.8784777930186278,13
390,0.1,1.0,0.2,0.3,1,0.877067801401709,13
391,0.1,1.0,0.2,0.3,2,0.8771518091756091,13
392,0.1,1.0,0.2,0.3,4,0.8776026202315274,13
393,0.1,1.0,0.2,0.3,6,0.8780386673884566,13
394,0.1,1.0,0.2,0.3,8,0.878334224515102,13
395,0.1,1.0,0.2,0.4,1,0.8764822289468398,13
396,0.1,1.0,0.2,0.4,2,0.8765960888189562,13
397,0.1,1.0,0.2,0.4,4,0.8772043813739521,13
398,0.1,1.0,0.2,0.4,6,0.8777925430282215,13
399,0.1,1.0,0.2,0.4,8,0.8781903132179618,13
400,0.1,1.0,0.4,0.05,1,0.6887606000180653,13
401,0.1,1.0,0.4,0.05,2,0.7235311709935617,13
402,0.1,1.0,0.4,0.05,4,0.8393188040656433,13
403,0.1,1.0,0.4,0.05,6,1.026266823191286,13
404,0.1,1.0,0.4,0.05,8,1.3071531305372477,13
405,0.1,1.0,0.4,0.1,1,0.540071389805455,13
406,0.1,1.0,0.4,0.1,2,0.5753378963594935,13
407,0.1,1.0,0.4,0.1,4,0.6823355554026074,13
408,0.1,1.0,0.4,0.1,6,0.9440310478800326,13
409,0.1,1.0,0.4,0.1,8,1.552639807449467,13
410,0.1,1.0,0.4,0.2,1,0.44179362568992275,13
411,0.1,1.0,0.4,0.2,2,0.47556490172622173,13
412,0.1,1.0,0.4,0.2,4,0.5509413549251521,13
413,0.1,1.0,0.4,0.2,6,0.777841521541341,13
414,0.1,1.0,0.4,0.2,8,1.4109993562945014,13
415,0.1,1.0,0.4,0.3,1,0.4183874164757727,13
416,0.1,1.0,0.4,0.3,2,0.4475612837681835,13
417,0.1,1.0,0.4,0.3,4,0.5155477844087902,13
418,0.1,1.0,0.4,0.3,6,0.6942063381301821,13
419,0.1,1.0,0.4,0.3,8,1.2030999122883723,13
420,0.1,1.0,0.4,0.4,1,0.41646013804429555,13
421,0.1,1.0,0.4,0.4,2,0.44146580004343816,13
422,0.1,1.0,0.4,0.4,4,0.5069681636105132,13
423,0.1,1.0,0.4,0.4,6,0.6559032467442287,13
424,0.1,1.0,0.4,0.4,8,1.0714316244643702,13
425,0.1,1.0,0.6,0.05,1,0.37254077460638935,13
426,0.1,1.0,0.6,0.05,2,0.3778171608555374,13
427,0.1,1.0,0.6,0.05,4,0.39324296886871896,13
428,0.1,1.0,0.6,0.05,6,0.42724227402755455,13
429,0.1,1.0,0.6,0.05,8,0.49825945549144135,13
430,0.1,1.0,0.6,0.1,1,0.3748322325570328,13
431,0.1,1.0,0.6,0.1,2,0.3806640425266178,13
432,0.1,1.0,0.6,0.1,4,0.3980593173646982,13
433,0.1,1.0,0.6,0.1,6,0.4409661123075563,13
434,0.1,1.0,0.6,0.1,8,0.5522608960664966,13
435,0.1,1.0,0.6,0.2,1,0.37273394874872684,13
436,0.1,1.0,0.6,0.2,2,0.3771388094401425,13
437,0.1,1.0,0.6,0.2,4,0.39252324441039044,13
438,0.1,1.0,0.6,0.2,6,0.43024576649145924,13
439,0.1,1.0,0.6,0.2,8,0.5466005482566088,13
440,0.1,1.0,0.6,0.3,1,0.3811530066138953,13
441,0.1,1.0,0.6,0.3,2,0.38446532378532844,13
442,0.1,1.0,0.6,0.3,4,0.3999600400031533,13
443,0.1,1.0,0.6,0.3,6,0.44319504820865435,13
444,0.1,1.0,0.6,0.3,8,0.5656055428428045,13
445,0.1,1.0,0.6,0.4,1,0.3946918430297032,13
446,0.1,1.0,0.6,0.4,2,0.3980078858970347,13
447,0.1,1.0,0.6,0.4,4,0.41824990583938115,13
448,0.1,1.0,0.6,0.4,6,0.4819944513498832,13
449,0.1,1.0,0.6,0.4,8,0.6138608228487673,13
450,0.2,0.35,0.2,0.05,1,0.2607303299874867,69
451,0.2,0.35,0.2,0.05,2,0.2607839885098548,69
452,0.2,0.35,0.2,0.05,4,0.2608435062904138,69
453,0.2,0.35,0.2,0.05,6,0.2610113418974972,69
454,0.2,0.35,0.2,0.05,8,0.26161885920741934,69
455,0.2,0.35,0.2,0.1,1,0.24701083425471185,69
456,0.2,0.35,0.2,0.1,2,0.24697438301884295,69
457,0.2,0.35,0.2,0.1,4,0.2469614545844192,69
458,0.2,0.35,0.2,0.1,6,0.24681815394413859,69
459,0.2,0.35,0.2,0.1,8,0.24651121430439926,69
460,0.2,0.35,0.2,0.2,1,0.2587671644579127,69
461,0.2,0.35,0.2,0.2,2,0.25883497611226486,69
462,0.2,0.35,0.2,0.2,4,0.2589872002866889,69
463,0.2,0.35,0.2,0.2,6,0.25862192854043975,69
464,0.2,0.35,0.2,0.2,8,0.25780665083061544,69
465,0.2,0.35,0.2,0.3,1,0.2790806752101034,69
466,0.2,0.35,0.2,0.3,2,0.28007759982631464,69
467,0.2,0.35,0.2,0.3,4,0.281825990391902,69
468,0.2,0.35,0.2,0.3,6,0.2829123078105493,69
469,0.2,0.35,0.2,0.3,8,0.2856655042057922,69
470,0.2,0.35,0.2,0.4,1,0.30113394404039506,69
471,0.2,0.35,0.2,0.4,2,0.3051129765758521,69
472,0.2,0.35,0.2,0.4,4,0.31131321893874436,69
473,0.2,0.35,0.2,0.4,6,0.31757700176575593,69
474,0.2,0.35,0.2,0.4,8,0.3322423658966878,69
475,0.2,0.35,0.4,0.05,1,0.2540291877275222,69
476,0.2,0.35,0.4,0.05,2,0.25408097876977404,69
477,0.2,0.35,0.4,0.05,4,0.2541742170541669,69
478,0.2,0.35,0.4,0.05,6,0.2543256647682212,69
479,0.2,0.35,0.4,0.05,8,0.2549004006545376,69
480,0.2,0.35,0.4,0.1,1,0.24605885730511892,69
481,0.2,0.35,0.4,0.1,2,0.2460777072653543,69
482,0.2,0.35,0.4,0.1,4,0.2461098677992819,69
483,0.2,0.35,0.4,0.1,6,0.2461709562926008,69
484,0.2,0.35,0.4,0.1,8,0.24641654372067098,69
485,0.2,0.35,0.4,0.2,1,0.25875417925043476,69
486,0.2,0.35,0.4,0.2,2,0.2587535875019441,69
487,0.2,0.35,0.4,0.2,4,0.25875043755751903,69
488,0.2,0.35,0.4,0.2,6,0.2587622755008381,69
489,0.2,0.35,0.4,0.2,8,0.258808463452203,69
490,0.2,0.35,0.4,0.3,1,0.27876926410465197,69
491,0.2,0.35,0.4,0.3,2,0.27876259414810683,69
492,0.2,0.35,0.4,0.3,4,0.2787476777858619,69
493,0.2,0.35,0.4,0.3,6,0.27874475364916146,69
494,0.2,0.35,0.4,0.3,8,0.27872378983100343,69
495,0.2,0.35,0.4,0.4,1,0.3001394946190524,69
496,0.2,0.35,0.4,0.4,2,0.3001308494872608,69
497,0.2,0.35,0.4,0.4,4,0.30011020220716167,69
498,0.2,0.35,0.4,0.4,6,0.3001016972362137,69
499,0.2,0.35,0.4,0.4,8,0.3000625526001903,69
500,0.2,0.35,0.6,0.05,1,0.22920307195440554,69
501,0.2,0.35,0.6,0.05,2,0.2292242962478089,69
502,0.2,0.35,0.6,0.05,4,0.22929031251852344,69
503,0.2,0.35,0.6,0.05,6,0.22935696529392197,69
504,0.2,0.35,0.6,0.05,8,0.2295643597516827,69
505,0.2,0.35,0.6,0.1,1,0.23902526186704626,69
506,0.2,0.35,0.6,0.1,2,0.2390402746847234,69
507,0.2,0.35,0.6,0.1,4,0.23908644951190774,69
508,0.2,0.35,0.6,0.1,6,0.23913601331397127,69
509,0.2,0.35,0.6,0.1,8,0.23929427795407418,69
510,0.2,0.35,0.6,0.2,1,0.25824173136696194,69
511,0.2,0.35,0.6,0.2,2,0.2582410657804036,69
512,0.2,0.35,0.6,0.2,4,0.2582435569562043,69
513,0.2,0.35,0.6,0.2,6,0.25825606059884676,69
514,0.2,0.35,0.6,0.2,8,0.25830106308092454,69
515,0.2,0.35,0.6,0.3,1,0.27938789422743754,69
516,0.2,0.35,0.6,0.3,2,0.2793769738801088,69
517,0.2,0.35,0.6,0.3,4,0.2793534180288898,69
518,0.2,0.35,0.6,0.3,6,0.2793441894192904,69
519,0.2,0.35,0.6,0.3,8,0.27932092291674326,69
520,0.2,0.35,0.6,0.4,1,0.30103126194789465,69
521,0.2,0.35,0.6,0.4,2,0.30101330935597503,69
522,0.2,0.35,0.6,0.4,4,0.30097298002669637,69
523,0.2,0.35,0.6,0.4,6,0.3009498065504058,69
524,0.2,0.35,0.6,0.4,8,0.30088194959341535,69
525,0.2,0.5,0.2,0.05,1,0.3122118578334972,37
526,0.2,0.5,0.2,0.05,2,0.31268832496420196,37
527,0.2,0.5,0.2,0.05,4,0.31333235361826406,37
528,0.2,0.5,0.2,0.05,6,0.3143136022653562,37
529,0.2,0.5,0.2,0.05,8,0.3219141611209565,37
530,0.2,0.5,0.2,0.1,1,0.32350156551825116,37
531,0.2,0.5,0.2,0.1,2,0.32359144950723456,37
532,0.2,0.5,0.2,0.1,4,0.3237620589947684,37
533,0.2,0.5,0.2,0.1,6,0.32334969767565624,37
534,0.2,0.5,0.2,0.1,8,0.3237400029195133,37
535,0.2,0.5,0.2,0.2,1,0.3644255403151976,37
536,0.2,0.5,0.2,0.2,2,0.36476339447896305,37
537,0.2,0.5,0.2,0.2,4,0.3643894307688641,37
538,0.2,0.5,0.2,0.2,6,0.36450268296736155,37
539,0.2,0.5,0.2,0.2,8,0.36485094906905596,37
540,0.2,0.5,0.2,0.3,1,0.4052010813161397,37
541,0.2,0.5,0.2,0.3,2,0.4047161785548859,37
542,0.2,0.5,0.2,0.3,4,0.4045066955152417,37
543,0.2,0.5,0.2,0.3,6,0.40758457637951906,37
544,0.2,0.5,0.2,0.3,8,0.4117617454096008,37
545,0.2,0.5,0.2,0.4,1,0.44814516698236717,37
546,0.2,0.5,0.2,0.4,2,0.44236530962721493,37
547,0.2,0.5,0.2,0.4,4,0.4456213554188633,37
548,0.2,0.5,0.2,0.4,6,0.45514320686222937,37
549,0.2,0.5,0.2,0.4,8,0.46876606820995503,37
550,0.2,0.5,0.4,0.05,1,0.3074738968027246,37
551,0.2,0.5,0.4,0.05,2,0.30756042768534214,37
552,0.2,0.5,0.4,0.05,4,0.30772730346186694,37
553,0.2,0.5,0.4,0.05,6,0.30799697882223454,37
554,0.2,0.5,0.4,0.05,8,0.309646791241685,37
555,0.2,0.5,0.4,0.1,1,0.32337421023006885,37
556,0.2,0.5,0.4,0.1,2,0.3233819009881918,37
557,0.2,0.5,0.4,0.1,4,0.32339404974580555,37
558,0.2,0.5,0.4,0.1,6,0.32339329655943627,37
559,0.2,0.5,0.4,0.1,8,0.3234501509102507,37
560,0.2,0.5,0.4,0.2,1,0.36434380679655753,37
561,0.2,0.5,0.4,0.2,2,0.3643458905106355,37
562,0.2,0.5,0.4,0.2,4,0.3643641109233112,37
563,0.2,0.5,0.4,0.2,6,0.36443279000339723,37
564,0.2,0.5,0.4,0.2,8,0.36420020156218047,37
565,0.2,0.5,0.4,0.3,1,0.4033917606314629,37
566,0.2,0.5,0.4,0.3,2,0.4034957762290511,37
567,0.2,0.5,0.4,0.3,4,0.4037800501047659,37
568,0.2,0.5,0.4,0.3,6,0.40454113289326415,37
569,0.2,0.5,0.4,0.3,8,0.40746707076365596,37
570,0.2,0.5,0.4,0.4,1,0.4400406331298644,37
571,0.2,0.5,0.4,0.4,2,0.4404467761668428,37
572,0.2,0.5,0.4,0.4,4,0.44146088240612613,37
573,0.2,0.5,0.4,0.4,6,0.44388068402510167,37
574,0.2,0.5,0.4,0.4,8,0.4552300152541508,37
575,0.2,0.5,0.6,0.05,1,0.2961558574689806,37
576,0.2,0.5,0.6,0.05,2,0.29620361853541877,37
577,0.2,0.5,0.6,0.05,4,0.2963259311270095,37
578,0.2,0.5,0.6,0.05,6,0.2964625130877828,37
579,0.2,0.5,0.6,0.05,8,0.2972962289344785,37
580,0.2,0.5,0.6,0.1,1,0.32204545852225624,37
581,0.2,0.5,0.6,0.1,2,0.3220608080316793,37
582,0.2,0.5,0.6,0.1,4,0.32209839787106104,37
583,0.2,0.5,0.6,0.1,6,0.32214853284768774,37
584,0.2,0.5,0.6,0.1,8,0.3224912671564494,37
585,0.2,0.5,0.6,0.2,1,0.36517804197263015,37
586,0.2,0.5,0.6,0.2,2,0.36515462797671383,37
587,0.2,0.5,0.6,0.2,4,0.365088256680452,37
588,0.2,0.5,0.6,0.2,6,0.3650301987685233,37
589,0.2,0.5,0.6,0.2,8,0.3647291074211802,37
590,0.2,0.5,0.6,0.3,1,0.40385238938109824,37
591,0.2,0.5,0.6,0.3,2,0.40381332239914824,37
592,0.2,0.5,0.6,0.3,4,0.4037048779113648,37
593,0.2,0.5,0.6,0.3,6,0.40360437058767584,37
594,0.2,0.5,0.6,0.3,8,0.40303172688075284,37
595,0.2,0.5,0.6,0.4,1,0.43965645812303294,37
596,0.2,0.5,0.6,0.4,2,0.43961372616841937,37
597,0.2,0.5,0.6,0.4,4,0.4394982023593589,37
598,0.2,0.5,0.6,0.4,6,0.43940037757569944,37
599,0.2,0.5,0.6,0.4,8,0.4388198845217417,37
600,0.2,1.0,0.2,0.05,1,1.371935109643016,13
601,0.2,1.0,0.2,0.05,2,1.3720423732574967,13
602,0.2,1.0,0.2,0.05,4,1.3722957289792157,13
603,0.2,1.0,0.2,0.05,6,1.3725830673582193,13
604,0.2,1.0,0.2,0.05,8,1.3727353961500903,13
605,0.2,1.0,0.2,0.1,1,1.3720525214904933,13
606,0.2,1.0,0.2,0.1,2,1.3722670603678988,13
607,0.2,1.0,0.2,0.1,4,1.372770699797606,13
608,0.2,1.0,0.2,0.1,6,1.373340516161292,13
609,0.2,1.0,0.2,0.1,8,1.373639896888592,13
610,0.2,1.0,0.2,0.2,1,1.3724681801722984,13
611,0.2,1.0,0.2,0.2,2,1.3728957499653272,13
612,0.2,1.0,0.2,0.2,4,1.3738864126447219,13
613,0.2,1.0,0.2,0.2,6,1.375001213738219,13
614,0.2,1.0,0.2,0.2,8,1.3755771842740354,13
615,0.2,1.0,0.2,0.3,1,1.3731837011603045,13
616,0.2,1.0,0.2,0.3,2,1.3738184631731774,13
617,0.2,1.0,0.2,0.3,4,1.375268072875001,13
618,0.2,1.0,0.2,0.3,6,1.3768886661050552,13
619,0.2,1.0,0.2,0.3,8,1.3777146899031953,13
620,0.2,1.0,0.2,0.4,1,1.374297362710619,13
621,0.2,1.0,0.2,0.4,2,1.3751261056995883,13
622,0.2,1.0,0.2,0.4,4,1.3769884588993755,13
623,0.2,1.0,0.2,0.4,6,1.3790525926974606,13
624,0.2,1.0,0.2,0.4,8,1.38009768882647,13
625,0.2,1.0,0.4,0.05,1,0.5726729981195338,13
626,0.2,1.0,0.4,0.05,2,0.5889125741799116,13
627,0.2,1.0,0.4,0.05,4,0.620788123821528,13
628,0.2,1.0,0.4,0.05,6,0.7635315727996157,13
629,0.2,1.0,0.4,0.05,8,1.2594889332734218,13
630,0.2,1.0,0.4,0.1,1,0.5981471312003138,13
631,0.2,1.0,0.4,0.1,2,0.6055939764191243,13
632,0.2,1.0,0.4,0.1,4,0.6195133409369677,13
633,0.2,1.0,0.4,0.1,6,0.7056738681711707,13
634,0.2,1.0,0.4,0.1,8,1.0340959269377596,13
635,0.2,1.0,0.4,0.2,1,0.7327194330822764,13
636,0.2,1.0,0.4,0.2,2,0.7179664746631516,13
637,0.2,1.0,0.4,0.2,4,0.7400916180319596,13
638,0.2,1.0,0.4,0.2,6,0.8131758430954535,13
639,0.2,1.0,0.4,0.2,8,0.9306620257251069,13
640,0.2,1.0,0.4,0.3,1,0.8772506140196363,13
641,0.2,1.0,0.4,0.3,2,0.8339663060450224,13
642,0.2,1.0,0.4,0.3,4,0.8913259208981262,13
643,0.2,1.0,0.4,0.3,6,1.0790104926754474,13
644,0.2,1.0,0.4,0.3,8,1.2608747289577749,13
645,0.2,1.0,0.4,0.4,1,1.0287724911486635,13
646,0.2,1.0,0.4,0.4,2,0.9496229242232355,13
647,0.2,1.0,0.4,0.4,4,1.0714951048274428,13
648,0.2,1.0,0.4,0.4,6,1.4069464129720959,13
649,0.2,1.0,0.4,0.4,8,1.7457829482262113,13
650,0.2,1.0,0.6,0.05,1,0.5151053132915002,13
651,0.2,1.0,0.6,0.05,2,0.5163573677759874,13
652,0.2,1.0,0.6,0.05,4,0.5194027190649855,13
653,0.2,1.0,0.6,0.05,6,0.5318805843628128,13
654,0.2,1.0,0.6,0.05,8,0.5658583907131332,13
655,0.2,1.0,0.6,0.1,1,0.5938238130595516,13
656,0.2,1.0,0.6,0.1,2,0.594100367621112,13
657,0.2,1.0,0.6,0.1,4,0.5965225154184581,13
658,0.2,1.0,0.6,0.1,6,0.6106457045211904,13
659,0.2,1.0,0.6,0.1,8,0.6021436035536776,13
660,0.2,1.0,0.6,0.2,1,0.7351315229158536,13
661,0.2,1.0,0.6,0.2,2,0.7388376690062202,13
662,0.2,1.0,0.6,0.2,4,0.7565884302817838,13
663,0.2,1.0,0.6,0.2,6,0.8344068862726504,13
664,0.2,1.0,0.6,0.2,8,0.7957008116477009,13
665,0.2,1.0,0.6,0.3,1,0.8585026111663463,13
666,0.2,1.0,0.6,0.3,2,0.8748591018599845,13
667,0.2,1.0,0.6,0.3,4,0.9338628358243088,13
668,0.2,1.0,0.6,0.3,6,1.1353465247485692,13
669,0.2,1.0,0.6,0.3,8,1.0582656743225818,13
670,0.2,1.0,0.6,0.4,1,0.967684461835329,13
671,0.2,1.0,0.6,0.4,2,1.0099544268059377,13
672,0.2,1.0,0.6,0.4,4,1.1282135101051156,13
673,0.2,1.0,0.6,0.4,6,1.4613859486919654,13
674,0.2,1.0,0.6,0.4,8,1.241701326065581,13
